country,country_abbrev,continent,year,population,population_millions,gdp_per_capita,life_expectancy,development_status,country_length,economic_score,continent_avg_life_exp,relative_life_expectancy,population_rank_in_continent,is_rich,is_populous
Japan,JAP,Asian Region,1992,124329269,124.33 mil.,26824.89511,79.36,High Income,5,212882.3676,77.45096666666669,1.0246482828490624,4,TRUE,FALSE
"Hong Kong, China",HON,Asian Region,1992,5829696,5.83 mil.,24757.60301,77.601,High Income,16,192121.4751,77.45096666666669,1.0019371395837966,17,TRUE,FALSE
Israel,ISR,Asian Region,1992,4936550,4.94 mil.,18051.52254,76.93,Middle Income,6,138870.3629,71.53518518518518,1.0754148437702244,17,FALSE,FALSE
Singapore,SIN,Asian Region,1992,3235865,3.24 mil.,24769.8912,75.788,High Income,9,187726.0514,77.45096666666669,0.9785287810051001,22,TRUE,FALSE
Kuwait,KUW,Asian Region,1992,1418095,1.42 mil.,34932.91959,75.19,High Income,6,262660.6224,77.45096666666669,0.9708077669785913,27,TRUE,FALSE
Taiwan,TAI,Asian Region,1992,20686918,20.69 mil.,15215.6579,74.26,Middle Income,6,112991.4756,71.53518518518518,1.0380905537290637,14,FALSE,FALSE
Bahrain,BAH,Asian Region,1992,529491,0.53 mil.,19035.57917,72.601,Middle Income,7,138200.2083,71.53518518518518,1.0148991690180953,27,FALSE,FALSE
"Korea, Rep.",KOR,Asian Region,1992,43805450,43.81 mil.,12104.27872,72.244,Middle Income,11,87446.1512,71.53518518518518,1.0099086178777603,10,FALSE,FALSE
Oman,OMA,Asian Region,1992,1915208,1.92 mil.,18616.70691,71.197,Middle Income,4,132545.3682,71.53518518518518,0.9952724636930804,26,FALSE,FALSE
Malaysia,MAL,Asian Region,1992,18319502,18.32 mil.,7277.912802,70.693,Middle Income,8,51449.749,71.53518518518518,0.9882269797302544,16,FALSE,FALSE
Sri Lanka,SRI,Asian Region,1992,17587060,17.59 mil.,2153.739222,70.379,Low Income,9,15157.8013,64.05578666666666,1.0987141624883645,55,FALSE,FALSE
"Korea, Dem. Rep.",KOR,Asian Region,1992,20711375,20.71 mil.,3726.063507,69.978,Low Income,16,26074.2472,64.05578666666666,1.0924539942683293,47,FALSE,FALSE
West Bank and Gaza,WES,Asian Region,1992,2104779,2.1 mil.,6017.654756,69.718,Middle Income,18,41953.8854,71.53518518518518,0.9745973232545497,25,FALSE,FALSE
Lebanon,LEB,Asian Region,1992,3219994,3.22 mil.,6890.806854,69.292,Middle Income,7,47747.7789,71.53518518518518,0.9686422118097803,21,FALSE,FALSE
Syria,SYR,Asian Region,1992,13219062,13.22 mil.,3340.542768,69.249,Low Income,5,23132.9246,64.05578666666666,1.0810732894493633,62,FALSE,FALSE
Saudi Arabia,SAU,Asian Region,1992,16945857,16.95 mil.,24841.61777,68.768,High Income,12,170830.8371,77.45096666666669,0.8878907902591272,11,TRUE,FALSE
China,CHI,Asian Region,1992,1164970000,1164.97 mil.,1655.784158,68.69,Low Income,5,11373.5814,64.05578666666666,1.0723465212822823,4,FALSE,FALSE
Jordan,JOR,Asian Region,1992,3867409,3.87 mil.,3431.593647,68.015,Low Income,6,23339.9842,64.05578666666666,1.0618088316350915,70,FALSE,FALSE
Vietnam,VIE,Asian Region,1992,69940728,69.94 mil.,989.0231487,67.662,Low Income,7,6691.9284,64.05578666666666,1.0562980102344126,27,FALSE,TRUE
Thailand,THA,Asian Region,1992,56667095,56.67 mil.,4616.896545,67.298,Low Income,8,31070.7904,64.05578666666666,1.0506154635209644,29,FALSE,TRUE
Philippines,PHI,Asian Region,1992,67185766,67.19 mil.,2279.324017,66.458,Low Income,11,15147.9316,64.05578666666666,1.0375018941822378,28,FALSE,TRUE
Iran,IRA,Asian Region,1992,60397973,60.4 mil.,7235.653188,65.742,Middle Income,4,47568.6312,71.53518518518518,0.919016283103368,6,FALSE,TRUE
Indonesia,IND,Asian Region,1992,184816000,184.82 mil.,2383.140898,62.681,Low Income,9,14937.7655,64.05578666666666,0.9785376663341787,12,FALSE,FALSE
Mongolia,MON,Asian Region,1992,2312802,2.31 mil.,1785.402016,61.271,Low Income,8,10939.3367,64.05578666666666,0.9565256035156023,75,FALSE,FALSE
Pakistan,PAK,Asian Region,1992,120065004,120.07 mil.,1971.829464,60.838,Low Income,8,11996.2161,64.05578666666666,0.9497658707493303,19,FALSE,FALSE
India,IND,Asian Region,1992,872000000,872 mil.,1164.406809,60.223,Low Income,5,7012.4071,64.05578666666666,0.9401648646263341,8,FALSE,TRUE
Iraq,IRA,Asian Region,1992,17861905,17.86 mil.,3745.640687,59.461,Low Income,4,22271.9541,64.05578666666666,0.9282689838690609,54,FALSE,FALSE
Myanmar,MYA,Asian Region,1992,40546538,40.55 mil.,347,59.32,Low Income,7,2058.404,64.05578666666666,0.9260677775872033,33,FALSE,FALSE
Bangladesh,BAN,Asian Region,1992,113704579,113.7 mil.,837.8101643,56.018,Low Income,10,4693.245,64.05578666666666,0.8745189609723525,20,FALSE,FALSE
Cambodia,CAM,Asian Region,1992,10150094,10.15 mil.,682.3031755,55.803,Low Income,8,3807.4564,64.05578666666666,0.8711625116773213,65,FALSE,FALSE
Nepal,NEP,Asian Region,1992,20326209,20.33 mil.,897.7403604,55.727,Low Income,5,5002.8377,64.05578666666666,0.8699760458800079,49,FALSE,FALSE
"Yemen, Rep.",YEM,Asian Region,1992,13367997,13.37 mil.,1879.496673,55.599,Low Income,11,10449.8136,64.05578666666666,0.8679777876950592,61,FALSE,FALSE
Afghanistan,AFG,Asian Region,1992,16317921,16.32 mil.,649.3413952,41.674,Low Income,11,2706.0653,64.05578666666666,0.6505891531215291,57,FALSE,FALSE
Japan,JAP,Asian Region,1997,125956499,125.96 mil.,28816.58499,80.69,High Income,5,232521.0243,77.45096666666669,1.0418204377909634,3,TRUE,FALSE
"Hong Kong, China",HON,Asian Region,1997,6495918,6.5 mil.,28377.63219,80,High Income,16,227021.0575,77.45096666666669,1.032911575452684,14,TRUE,TRUE
Israel,ISR,Asian Region,1997,5531387,5.53 mil.,20896.60924,78.269,High Income,6,163555.6709,77.45096666666669,1.0105619512388266,18,TRUE,FALSE
Singapore,SIN,Asian Region,1997,3802309,3.8 mil.,33519.4766,77.158,High Income,9,258629.5776,77.45096666666669,0.9962173917347275,21,TRUE,FALSE
Kuwait,KUW,Asian Region,1997,1765345,1.77 mil.,40300.619960000004,76.156,High Income,6,306913.4014,77.45096666666669,0.9832801742521826,26,TRUE,FALSE
Taiwan,TAI,Asian Region,1997,21628605,21.63 mil.,20206.82098,75.25,High Income,6,152056.3279,77.45096666666669,0.9715824506601809,9,TRUE,FALSE
"Korea, Rep.",KOR,Asian Region,1997,46173816,46.17 mil.,15993.52796,74.647,Middle Income,11,119386.8882,71.53518518518518,1.043500478914805,9,FALSE,FALSE
Bahrain,BAH,Asian Region,1997,598561,0.6 mil.,20292.01679,73.925,High Income,7,150008.7341,77.45096666666669,0.9544748526917457,30,TRUE,FALSE
Oman,OMA,Asian Region,1997,2283635,2.28 mil.,19702.05581,72.499,Middle Income,4,142837.9344,71.53518518518518,1.0134732972637137,24,FALSE,FALSE
Malaysia,MAL,Asian Region,1997,20476091,20.48 mil.,10132.90964,71.938,Middle Income,8,72894.1254,71.53518518518518,1.005631002614616,15,FALSE,FALSE
Syria,SYR,Asian Region,1997,15081016,15.08 mil.,4014.238972,71.527,Low Income,5,28712.6471,64.05578666666666,1.1166360405846238,59,FALSE,FALSE
West Bank and Gaza,WES,Asian Region,1997,2826046,2.83 mil.,7110.667619,71.096,Middle Income,18,50554.0025,71.53518518518518,0.9938605710735459,22,FALSE,FALSE
Vietnam,VIE,Asian Region,1997,76048996,76.05 mil.,1385.896769,70.672,Low Income,7,9794.4096,64.05578666666666,1.1032883003648486,25,FALSE,TRUE
Saudi Arabia,SAU,Asian Region,1997,21229759,21.23 mil.,20586.69019,70.533,High Income,12,145204.1019,77.45096666666669,0.910679401892552,10,TRUE,FALSE
Sri Lanka,SRI,Asian Region,1997,18698655,18.7 mil.,2664.477257,70.457,Low Income,9,18773.1074,64.05578666666666,1.0999318510698175,53,FALSE,FALSE
China,CHI,Asian Region,1997,1230075000,1230.08 mil.,2289.234136,70.426,Low Income,5,16122.1603,64.05578666666666,1.0994478979156503,3,FALSE,FALSE
Lebanon,LEB,Asian Region,1997,3430388,3.43 mil.,8754.96385,70.265,Middle Income,7,61516.7535,71.53518518518518,0.9822439100157913,20,FALSE,FALSE
Jordan,JOR,Asian Region,1997,4526235,4.53 mil.,3645.379572,69.772,Low Income,6,25434.5423,64.05578666666666,1.0892380475019277,68,FALSE,FALSE
Philippines,PHI,Asian Region,1997,75012988,75.01 mil.,2536.534925,68.564,Low Income,11,17391.4981,64.05578666666666,1.0703794858814732,26,FALSE,TRUE
Iran,IRA,Asian Region,1997,63327987,63.33 mil.,8263.590301,68.042,Middle Income,4,56227.1211,71.53518518518518,0.9511682932511843,4,FALSE,TRUE
"Korea, Dem. Rep.",KOR,Asian Region,1997,21585105,21.59 mil.,1690.756814,67.727,Low Income,16,11450.9887,64.05578666666666,1.0573127507189568,45,FALSE,FALSE
Thailand,THA,Asian Region,1997,60216677,60.22 mil.,5852.625497,67.521,Middle Income,8,39517.5126,71.53518518518518,0.9438851639959616,7,FALSE,TRUE
Indonesia,IND,Asian Region,1997,199278000,199.28 mil.,3119.335603,66.041,Low Income,9,20600.4043,64.05578666666666,1.0309919436890844,11,FALSE,FALSE
Mongolia,MON,Asian Region,1997,2494803,2.49 mil.,1902.2521,63.625,Low Income,8,12103.079,64.05578666666666,0.993274820448176,74,FALSE,FALSE
Pakistan,PAK,Asian Region,1997,135564834,135.56 mil.,2049.350521,61.818,Low Income,8,12668.6751,64.05578666666666,0.9650650349778443,17,FALSE,FALSE
India,IND,Asian Region,1997,959000000,959 mil.,1458.817442,61.765,Low Income,5,9010.3859,64.05578666666666,0.964237631198139,7,FALSE,TRUE
Myanmar,MYA,Asian Region,1997,43247867,43.25 mil.,415,60.328,Low Income,7,2503.612,64.05578666666666,0.941804060793675,32,FALSE,FALSE
Nepal,NEP,Asian Region,1997,23001113,23 mil.,1010.892138,59.426,Low Income,5,6007.3276,64.05578666666666,0.927722585146614,41,FALSE,FALSE
Bangladesh,BAN,Asian Region,1997,123315288,123.32 mil.,972.7700352,59.412,Low Income,10,5779.4213,64.05578666666666,0.9275040256576351,18,FALSE,FALSE
Iraq,IRA,Asian Region,1997,20775703,20.78 mil.,3076.239795,58.811,Low Income,4,18091.6739,64.05578666666666,0.9181215790236178,46,FALSE,FALSE
"Yemen, Rep.",YEM,Asian Region,1997,15826497,15.83 mil.,2117.484526,58.02,Low Income,11,12285.6452,64.05578666666666,0.9057729678963171,58,FALSE,FALSE
Cambodia,CAM,Asian Region,1997,11782962,11.78 mil.,734.28517,56.534,Low Income,8,4151.2078,64.05578666666666,0.8825744392804272,64,FALSE,FALSE
Afghanistan,AFG,Asian Region,1997,22227415,22.23 mil.,635.341351,41.763,Low Income,11,2653.3761,64.05578666666666,0.6519785670157513,42,FALSE,FALSE
Japan,JAP,Asian Region,2002,127065841,127.07 mil.,28604.5919,82,High Income,5,234557.6536,77.45096666666669,1.058734364839001,2,TRUE,FALSE
"Hong Kong, China",HON,Asian Region,2002,6762476,6.76 mil.,30209.01516,81.495,High Income,16,246188.369,77.45096666666669,1.052214110518956,13,TRUE,TRUE
Israel,ISR,Asian Region,2002,6029529,6.03 mil.,21905.59514,79.696,High Income,6,174578.831,77.45096666666669,1.0289865114659638,16,TRUE,TRUE
Singapore,SIN,Asian Region,2002,4197776,4.2 mil.,36023.1054,78.77,High Income,9,283754.0012,77.45096666666669,1.0170305599800988,20,TRUE,FALSE
"Korea, Rep.",KOR,Asian Region,2002,47969150,47.97 mil.,19233.98818,77.045,Middle Income,11,148188.2619,71.53518518518518,1.0770224442776153,8,FALSE,FALSE
Taiwan,TAI,Asian Region,2002,22454239,22.45 mil.,23235.42329,76.99,High Income,6,178889.5239,77.45096666666669,0.9940482774262767,8,TRUE,FALSE
Kuwait,KUW,Asian Region,2002,2111561,2.11 mil.,35110.10566,76.904,High Income,6,270010.7566,77.45096666666669,0.992937897482665,25,TRUE,FALSE
Bahrain,BAH,Asian Region,2002,656397,0.66 mil.,23403.55927,74.795,High Income,7,175046.9216,77.45096666666669,0.9657077660747938,29,TRUE,FALSE
Oman,OMA,Asian Region,2002,2713462,2.71 mil.,19774.83687,74.193,Middle Income,4,146715.4472,71.53518518518518,1.037153951694323,23,FALSE,FALSE
Syria,SYR,Asian Region,2002,17155814,17.16 mil.,4090.925331,73.053,Low Income,5,29885.4368,64.05578666666666,1.14045902488331,56,FALSE,FALSE
Malaysia,MAL,Asian Region,2002,22662365,22.66 mil.,10206.97794,73.044,Middle Income,8,74555.8497,71.53518518518518,1.0210919257552615,13,FALSE,FALSE
Vietnam,VIE,Asian Region,2002,80908147,80.91 mil.,1764.456677,73.017,Low Income,7,12883.5333,64.05578666666666,1.1398970147687932,24,FALSE,TRUE
West Bank and Gaza,WES,Asian Region,2002,3389578,3.39 mil.,4515.487575,72.37,Low Income,18,32678.5836,64.05578666666666,1.12979644409956,71,FALSE,FALSE
China,CHI,Asian Region,2002,1280400000,1280.4 mil.,3119.280896,72.028,Low Income,5,22467.5564,64.05578666666666,1.12445734801165,2,FALSE,FALSE
Saudi Arabia,SAU,Asian Region,2002,24501530,24.5 mil.,19014.54118,71.626,Middle Income,12,136193.5527,71.53518518518518,1.0012695125423905,12,FALSE,FALSE
Jordan,JOR,Asian Region,2002,5307470,5.31 mil.,3844.917194,71.263,Low Income,6,27400.0334,64.05578666666666,1.112514633078167,67,FALSE,FALSE
Lebanon,LEB,Asian Region,2002,3677780,3.68 mil.,9313.93883,71.028,Middle Income,7,66155.0447,71.53518518518518,0.9929099899039583,19,FALSE,FALSE
Sri Lanka,SRI,Asian Region,2002,19576783,19.58 mil.,3015.378833,70.815,Low Income,9,21353.4052,64.05578666666666,1.1055207294308462,50,FALSE,FALSE
Philippines,PHI,Asian Region,2002,82995088,83 mil.,2650.921068,70.303,Low Income,11,18636.7704,64.05578666666666,1.097527696691051,23,FALSE,TRUE
Iran,IRA,Asian Region,2002,66907826,66.91 mil.,9240.761975,69.451,Middle Income,4,64178.016,71.53518518518518,0.9708648942504335,2,FALSE,TRUE
Indonesia,IND,Asian Region,2002,211060000,211.06 mil.,2873.91287,68.588,Low Income,9,19711.5936,64.05578666666666,1.0707541592911511,10,FALSE,FALSE
Thailand,THA,Asian Region,2002,62806748,62.81 mil.,5913.187529,68.564,Middle Income,8,40543.179,71.53518518518518,0.9584654016412539,5,FALSE,TRUE
"Korea, Dem. Rep.",KOR,Asian Region,2002,22215365,22.22 mil.,1646.758151,66.662,Low Income,16,10977.6192,64.05578666666666,1.0406866181645,43,FALSE,FALSE
Mongolia,MON,Asian Region,2002,2674234,2.67 mil.,2140.739323,65.033,Low Income,8,13921.87,64.05578666666666,1.0152556604826128,73,FALSE,FALSE
Pakistan,PAK,Asian Region,2002,153403524,153.4 mil.,2092.712441,63.61,Low Income,8,13311.7438,64.05578666666666,0.9930406495671273,14,FALSE,FALSE
India,IND,Asian Region,2002,1034172547,1034.17 mil.,1746.769454,62.879,Low Income,5,10983.5116,64.05578666666666,0.9816287219640214,6,FALSE,FALSE
Bangladesh,BAN,Asian Region,2002,135656790,135.66 mil.,1136.39043,62.013,Low Income,10,7047.098,64.05578666666666,0.9681092564314773,16,FALSE,FALSE
Nepal,NEP,Asian Region,2002,25873917,25.87 mil.,1057.206311,61.34,Low Income,5,6484.9035,64.05578666666666,0.9576027895684263,37,FALSE,FALSE
"Yemen, Rep.",YEM,Asian Region,2002,18701257,18.7 mil.,2234.820827,60.308,Low Income,11,13477.7574,64.05578666666666,0.9414918329522767,52,FALSE,FALSE
Myanmar,MYA,Asian Region,2002,45598081,45.6 mil.,611,59.908,Low Income,7,3660.3788,64.05578666666666,0.9352472761243117,31,FALSE,FALSE
Iraq,IRA,Asian Region,2002,24001816,24 mil.,4390.717312,57.046,Low Income,4,25047.286,64.05578666666666,0.8905674720202225,39,FALSE,FALSE
Cambodia,CAM,Asian Region,2002,12926707,12.93 mil.,896.2260153,56.752,Low Income,8,5086.2619,64.05578666666666,0.8859777227516682,63,FALSE,FALSE
Afghanistan,AFG,Asian Region,2002,25268405,25.27 mil.,726.7340548,42.129,Low Income,11,3061.6579,64.05578666666666,0.6576923365133392,38,FALSE,FALSE
Japan,JAP,Asian Region,2007,127467972,127.47 mil.,31656.06806,82.603,High Income,5,261488.619,77.45096666666669,1.0665199358389756,1,TRUE,FALSE
"Hong Kong, China",HON,Asian Region,2007,6980412,6.98 mil.,39724.97867,82.208,High Income,16,326571.1047,77.45096666666669,1.061419934935178,12,TRUE,TRUE
Israel,ISR,Asian Region,2007,6426679,6.43 mil.,25523.2771,80.745,High Income,6,206087.7009,77.45096666666669,1.0425305644990872,15,TRUE,TRUE
Singapore,SIN,Asian Region,2007,4553009,4.55 mil.,47143.17964,79.972,High Income,9,377013.4362,77.45096666666669,1.0325500564012755,19,TRUE,FALSE
"Korea, Rep.",KOR,Asian Region,2007,49044790,49.04 mil.,23348.13973,78.623,High Income,11,183570.079,77.45096666666669,1.0151325849602046,5,TRUE,FALSE
Taiwan,TAI,Asian Region,2007,23174294,23.17 mil.,28718.27684,78.4,High Income,6,225151.2904,77.45096666666669,1.0122533439436303,7,TRUE,FALSE
Kuwait,KUW,Asian Region,2007,2505559,2.51 mil.,47306.98978,77.588,High Income,6,367045.4723,77.45096666666669,1.0017692914527854,24,TRUE,FALSE
Oman,OMA,Asian Region,2007,3204897,3.2 mil.,22316.19287,75.64,High Income,4,168799.6829,77.45096666666669,0.9766178945905127,23,TRUE,FALSE
Bahrain,BAH,Asian Region,2007,708573,0.71 mil.,29796.04834,75.635,High Income,7,225362.4116,77.45096666666669,0.976553337617047,28,TRUE,FALSE
Vietnam,VIE,Asian Region,2007,85262356,85.26 mil.,2441.576404,74.249,Low Income,7,18128.4606,64.05578666666666,1.1591302497989253,22,FALSE,TRUE
Malaysia,MAL,Asian Region,2007,24821286,24.82 mil.,12451.6558,74.241,Middle Income,8,92442.3378,71.53518518518518,1.037824950166973,11,FALSE,FALSE
Syria,SYR,Asian Region,2007,19314747,19.31 mil.,4184.548089,74.143,Low Income,5,31025.4949,64.05578666666666,1.1574754422395146,51,FALSE,FALSE
West Bank and Gaza,WES,Asian Region,2007,4018332,4.02 mil.,3025.349798,73.422,Low Income,18,22212.7233,64.05578666666666,1.1462196285571078,69,FALSE,FALSE
China,CHI,Asian Region,2007,1318683096,1318.68 mil.,4959.114854,72.961,Low Income,5,36182.1979,64.05578666666666,1.1390227768128782,1,FALSE,FALSE
Saudi Arabia,SAU,Asian Region,2007,27601038,27.6 mil.,21654.83194,72.777,High Income,12,157597.3704,77.45096666666669,0.9396525715839998,6,TRUE,FALSE
Jordan,JOR,Asian Region,2007,6053193,6.05 mil.,4519.461171,72.535,Low Income,6,32781.9116,64.05578666666666,1.1323723237910954,66,FALSE,TRUE
Sri Lanka,SRI,Asian Region,2007,20378239,20.38 mil.,3970.095407,72.396,Low Income,9,28741.9027,64.05578666666666,1.1302023402933776,48,FALSE,FALSE
Lebanon,LEB,Asian Region,2007,3921278,3.92 mil.,10461.05868,71.993,Middle Income,7,75312.2998,71.53518518518518,1.0063998550311941,18,FALSE,FALSE
Philippines,PHI,Asian Region,2007,91077287,91.08 mil.,3190.481016,71.688,Low Income,11,22871.9203,64.05578666666666,1.1191494747078798,21,FALSE,TRUE
Iran,IRA,Asian Region,2007,69453570,69.45 mil.,11605.71449,70.964,Middle Income,4,82358.7923,71.53518518518518,0.992015325273758,1,FALSE,TRUE
Indonesia,IND,Asian Region,2007,223547000,223.55 mil.,3540.651564,70.65,Low Income,9,25014.7033,64.05578666666666,1.1029448497393106,9,FALSE,FALSE
Thailand,THA,Asian Region,2007,65068149,65.07 mil.,7458.396327,70.616,Middle Income,8,52668.2115,71.53518518518518,0.987150586347045,3,FALSE,TRUE
"Korea, Dem. Rep.",KOR,Asian Region,2007,23301725,23.3 mil.,1593.06548,67.297,Low Income,16,10720.8528,64.05578666666666,1.0505998521288944,40,FALSE,FALSE
Mongolia,MON,Asian Region,2007,2874127,2.87 mil.,3095.772271,66.803,Low Income,8,20680.6875,64.05578666666666,1.0428878244463575,72,FALSE,FALSE
Pakistan,PAK,Asian Region,2007,169270617,169.27 mil.,2605.94758,65.483,Low Income,8,17064.5265,64.05578666666666,1.0222807869140733,13,FALSE,FALSE
India,IND,Asian Region,2007,1110396331,1110.4 mil.,2452.210407,64.698,Low Income,5,15865.3109,64.05578666666666,1.010025844139192,5,FALSE,FALSE
Bangladesh,BAN,Asian Region,2007,150448339,150.45 mil.,1391.253792,64.062,Low Income,10,8912.65,64.05578666666666,1.0000969987827277,15,FALSE,FALSE
Nepal,NEP,Asian Region,2007,28901790,28.9 mil.,1091.359778,63.785,Low Income,5,6961.2383,64.05578666666666,0.995772643179362,35,FALSE,FALSE
"Yemen, Rep.",YEM,Asian Region,2007,22211743,22.21 mil.,2280.769906,62.698,Low Income,11,14299.9712,64.05578666666666,0.9788030599993672,44,FALSE,FALSE
Myanmar,MYA,Asian Region,2007,47761980,47.76 mil.,944,62.069,Low Income,7,5859.3136,64.05578666666666,0.9689834943873924,30,FALSE,FALSE
Cambodia,CAM,Asian Region,2007,14131858,14.13 mil.,1713.778686,59.723,Low Income,8,10235.2004,64.05578666666666,0.9323591685913779,60,FALSE,FALSE
Iraq,IRA,Asian Region,2007,27499638,27.5 mil.,4471.061906,59.545,Low Income,4,26622.9381,64.05578666666666,0.9295803408029335,36,FALSE,FALSE
Afghanistan,AFG,Asian Region,2007,31889923,31.89 mil.,974.5803384,43.828,Low Income,11,4271.3907,64.05578666666666,0.6842160916401204,34,FALSE,FALSE
Iceland,ICE,European Region,1992,259012,0.26 mil.,25144.39201,78.77,High Income,7,198062.3759,78.49965625,1.003443884507456,64,TRUE,FALSE
Sweden,SWE,European Region,1992,8718867,8.72 mil.,23880.01683,78.16,High Income,6,186646.2115,78.49965625,0.9956731498426147,35,TRUE,TRUE
Switzerland,SWI,European Region,1992,6995447,7 mil.,31871.5303,78.03,High Income,11,248693.5509,78.49965625,0.9940170916353535,43,TRUE,TRUE
Spain,SPA,European Region,1992,39549438,39.55 mil.,18603.06452,77.57,Middle Income,5,144303.9715,73.31866666666669,1.0579843241375544,5,FALSE,FALSE
France,FRA,European Region,1992,57374179,57.37 mil.,24703.79615,77.46,High Income,6,191355.605,78.49965625,0.9867559133419771,15,TRUE,TRUE
Italy,ITA,European Region,1992,56840847,56.84 mil.,22013.64486,77.44,High Income,5,170473.6658,78.49965625,0.9865011351562447,16,TRUE,TRUE
Netherlands,NET,European Region,1992,15174244,15.17 mil.,26790.94961,77.42,High Income,11,207415.5319,78.49965625,0.9862463569705122,23,TRUE,FALSE
Norway,NOR,European Region,1992,4286357,4.29 mil.,33965.66115,77.32,High Income,6,262622.492,78.49965625,0.9849724660418496,55,TRUE,FALSE
Greece,GRE,European Region,1992,10325429,10.33 mil.,17541.49634,77.03,Middle Income,6,135122.1463,73.31866666666669,1.050619214752041,18,FALSE,FALSE
Belgium,BEL,European Region,1992,10045622,10.05 mil.,25575.57069,76.46,High Income,7,195550.8135,78.49965625,0.9740170040553521,31,TRUE,FALSE
United Kingdom,UNI,European Region,1992,57866349,57.87 mil.,22705.09254,76.42,High Income,14,173512.3172,78.49965625,0.9735074476838872,13,TRUE,TRUE
Germany,GER,European Region,1992,80597764,80.6 mil.,26505.30317,76.07,High Income,7,201625.8412,78.49965625,0.9690488294335683,4,TRUE,TRUE
Austria,AUS,European Region,1992,7914969,7.91 mil.,27042.01868,76.04,High Income,7,205627.51,78.49965625,0.9686666621549697,39,TRUE,TRUE
Finland,FIN,European Region,1992,5041039,5.04 mil.,20647.16499,75.7,High Income,7,156299.039,78.49965625,0.9643354329975171,51,TRUE,FALSE
Ireland,IRE,European Region,1992,3557761,3.56 mil.,17558.81555,75.467,Middle Income,7,132511.1133,73.31866666666669,1.029301314808416,45,FALSE,FALSE
Montenegro,MON,European Region,1992,621621,0.62 mil.,7003.339037,75.435,Middle Income,10,52829.688,73.31866666666669,1.028864863881867,51,FALSE,FALSE
Denmark,DEN,European Region,1992,5171393,5.17 mil.,26406.73985,75.33,High Income,7,198921.9713,78.49965625,0.9596220365614658,49,TRUE,FALSE
Portugal,POR,European Region,1992,9927680,9.93 mil.,16207.26663,74.86,Middle Income,8,121327.598,73.31866666666669,1.0210223862954406,28,FALSE,TRUE
Slovenia,SLO,European Region,1992,1999210,2 mil.,14214.71681,73.64,Middle Income,8,104677.1746,73.31866666666669,1.0043826947207621,47,FALSE,FALSE
Croatia,CRO,European Region,1992,4494013,4.49 mil.,8447.794873,72.527,Middle Income,7,61269.3219,73.31866666666669,0.9892023859317316,39,FALSE,FALSE
Czech Republic,CZE,European Region,1992,10315702,10.32 mil.,14297.02122,72.4,Middle Income,14,103510.4336,73.31866666666669,0.9874702213169905,19,FALSE,FALSE
Bosnia and Herzegovina,BOS,European Region,1992,4256013,4.26 mil.,2546.781445,72.178,Low Income,22,18382.1591,73.1208,0.9871062679839389,1,FALSE,FALSE
Serbia,SER,European Region,1992,9826397,9.83 mil.,9325.068238,71.659,Middle Income,6,66822.5065,73.31866666666669,0.9773636545490915,29,FALSE,TRUE
Albania,ALB,European Region,1992,3326498,3.33 mil.,2497.437901,71.581,Low Income,7,17876.9102,73.1208,0.9789416964803449,5,FALSE,FALSE
Slovak Republic,SLO,European Region,1992,5302888,5.3 mil.,9498.467723,71.38,Middle Income,15,67800.0626,73.31866666666669,0.9735583480332427,37,FALSE,FALSE
Bulgaria,BUL,European Region,1992,8658506,8.66 mil.,6302.623438,71.19,Middle Income,8,44868.3763,73.31866666666669,0.9709669206568583,30,FALSE,TRUE
Poland,POL,European Region,1992,38370697,38.37 mil.,7738.881247,70.99,Middle Income,6,54938.318,73.31866666666669,0.9682391023659274,9,FALSE,FALSE
Romania,ROM,European Region,1992,22797027,22.8 mil.,6598.409903,69.36,Middle Income,7,45766.5711,73.31866666666669,0.9460073832948406,10,FALSE,FALSE
Hungary,HUN,European Region,1992,10348684,10.35 mil.,10535.62855,69.17,Middle Income,7,72874.9427,73.31866666666669,0.9434159559184562,16,FALSE,FALSE
Turkey,TUR,European Region,1992,58179144,58.18 mil.,5678.348271,66.146,Middle Income,6,37560.0025,73.31866666666669,0.9021713433595808,4,FALSE,TRUE
Sweden,SWE,European Region,1997,8897619,8.9 mil.,25266.59499,79.39,High Income,6,200591.4976,78.49965625,1.0113420082651636,34,TRUE,TRUE
Switzerland,SWI,European Region,1997,7193761,7.19 mil.,32135.32301,79.37,High Income,11,255058.0587,78.49965625,1.0110872300794311,42,TRUE,TRUE
Iceland,ICE,European Region,1997,271192,0.27 mil.,28061.09966,78.95,High Income,7,221542.3818,78.49965625,1.0057368881790485,63,TRUE,FALSE
Italy,ITA,European Region,1997,57479469,57.48 mil.,24675.02446,78.82,High Income,5,194488.5428,78.49965625,1.0040808299717872,14,TRUE,TRUE
Spain,SPA,European Region,1997,39855442,39.86 mil.,20445.29896,78.77,High Income,5,161047.6199,78.49965625,1.003443884507456,19,TRUE,FALSE
France,FRA,European Region,1997,58623428,58.62 mil.,25889.78487,78.64,High Income,6,203597.2682,78.49965625,1.0017878263001947,10,TRUE,TRUE
Norway,NOR,European Region,1997,4405672,4.41 mil.,41283.16433,78.32,High Income,6,323329.743,78.49965625,0.9977113753284746,54,TRUE,FALSE
Netherlands,NET,European Region,1997,15604464,15.6 mil.,30246.13063,78.03,High Income,11,236010.5573,78.49965625,0.9940170916353535,22,TRUE,FALSE
Greece,GRE,European Region,1997,10502372,10.5 mil.,18747.69814,77.869,Middle Income,6,145986.4506,73.31866666666669,1.0620624124824962,14,FALSE,FALSE
Belgium,BEL,European Region,1997,10199787,10.2 mil.,27561.19663,77.53,High Income,7,213681.9575,78.49965625,0.987647636992041,30,TRUE,FALSE
Austria,AUS,European Region,1997,8069876,8.07 mil.,29095.92066,77.51,High Income,7,225522.481,78.49965625,0.9873928588063086,38,TRUE,TRUE
Germany,GER,European Region,1997,82011073,82.01 mil.,27788.88416,77.34,High Income,7,214919.2301,78.49965625,0.9852272442275822,3,TRUE,TRUE
United Kingdom,UNI,European Region,1997,58808266,58.81 mil.,26074.53136,77.218,High Income,14,201342.3163,78.49965625,0.9836730972946139,9,TRUE,TRUE
Finland,FIN,European Region,1997,5134406,5.13 mil.,23723.9502,77.13,High Income,7,182982.8279,78.49965625,0.9825520732773909,50,TRUE,FALSE
Ireland,IRE,European Region,1997,3667233,3.67 mil.,24521.94713,76.122,High Income,7,186665.9659,78.49965625,0.9697112527164728,58,TRUE,FALSE
Denmark,DEN,European Region,1997,5283663,5.28 mil.,29804.34567,76.11,High Income,7,226840.8749,78.49965625,0.9695583858050334,46,TRUE,FALSE
Portugal,POR,European Region,1997,10156415,10.16 mil.,17641.03156,75.97,Middle Income,8,134018.9168,73.31866666666669,1.036161777810107,23,FALSE,FALSE
Montenegro,MON,European Region,1997,692651,0.69 mil.,6465.613349,75.445,Middle Income,10,48779.8199,73.31866666666669,1.0290012547964134,49,FALSE,FALSE
Slovenia,SLO,European Region,1997,2011612,2.01 mil.,17161.10735,75.13,Middle Income,8,128931.3995,73.31866666666669,1.0247049409881972,46,FALSE,FALSE
Czech Republic,CZE,European Region,1997,10300707,10.3 mil.,16048.51424,74.01,Middle Income,14,118775.0539,73.31866666666669,1.0094291585589843,20,FALSE,FALSE
Croatia,CRO,European Region,1997,4444595,4.44 mil.,9875.604515,73.68,Middle Income,7,72763.4541,73.31866666666669,1.0049282583789483,42,FALSE,FALSE
Bosnia and Herzegovina,BOS,European Region,1997,3607000,3.61 mil.,4766.355904,73.244,Low Income,22,34910.6972,73.1208,1.001684883097559,2,FALSE,FALSE
Albania,ALB,European Region,1997,3428038,3.43 mil.,3193.054604,72.95,Low Income,7,23293.3333,73.1208,0.9976641393420204,4,FALSE,FALSE
Poland,POL,European Region,1997,38654957,38.65 mil.,10159.58368,72.75,Middle Income,6,73910.9713,73.31866666666669,0.9922439033261194,6,FALSE,FALSE
Slovak Republic,SLO,European Region,1997,5383010,5.38 mil.,12126.23065,72.71,Middle Income,15,88169.8231,73.31866666666669,0.9916983396679332,36,FALSE,FALSE
Serbia,SER,European Region,1997,10336594,10.34 mil.,7914.320304,72.232,Middle Income,6,57166.7184,73.31866666666669,0.9851788539526084,17,FALSE,FALSE
Hungary,HUN,European Region,1997,10244684,10.24 mil.,11712.7768,71.04,Middle Income,7,83207.5664,73.31866666666669,0.9689210569386603,22,FALSE,FALSE
Bulgaria,BUL,European Region,1997,8066057,8.07 mil.,5970.38876,70.32,Middle Income,8,41983.7738,73.31866666666669,0.9591009110913088,31,FALSE,TRUE
Romania,ROM,European Region,1997,22562458,22.56 mil.,7346.547557,69.72,Middle Income,7,51220.1296,73.31866666666669,0.9509174562185162,11,FALSE,FALSE
Turkey,TUR,European Region,1997,63047647,63.05 mil.,6601.429915,68.835,Middle Income,6,45440.9428,73.31866666666669,0.9388468602811468,3,FALSE,TRUE
Switzerland,SWI,European Region,2002,7361757,7.36 mil.,34480.95771,80.62,High Income,11,277985.4811,78.49965625,1.0270108666877125,41,TRUE,TRUE
Iceland,ICE,European Region,2002,288030,0.29 mil.,31163.20196,80.5,High Income,7,250863.7758,78.49965625,1.0254821975733175,62,TRUE,FALSE
Italy,ITA,European Region,2002,57926999,57.93 mil.,27968.09817,80.24,High Income,5,224416.0197,78.49965625,1.0221700811587948,12,TRUE,TRUE
Sweden,SWE,European Region,2002,8954175,8.95 mil.,29341.63093,80.04,High Income,6,234850.414,78.49965625,1.0196222993014699,33,TRUE,TRUE
Spain,SPA,European Region,2002,40152517,40.15 mil.,24835.47166,79.78,High Income,5,198137.3929,78.49965625,1.0163101828869474,18,TRUE,FALSE
France,FRA,European Region,2002,59925035,59.93 mil.,28926.03234,79.59,High Income,6,230222.2914,78.49965625,1.0138897901224886,7,TRUE,TRUE
Norway,NOR,European Region,2002,4535591,4.54 mil.,44683.97525,79.05,High Income,6,353226.8244,78.49965625,1.007010779107711,53,TRUE,FALSE
Austria,AUS,European Region,2002,8148312,8.15 mil.,32417.60769,78.98,High Income,7,256034.2655,78.49965625,1.0061190554576473,37,TRUE,TRUE
Germany,GER,European Region,2002,82350671,82.35 mil.,30035.80198,78.67,High Income,7,236291.6542,78.49965625,1.0021699935787935,2,TRUE,TRUE
Netherlands,NET,European Region,2002,16122830,16.12 mil.,33724.75778,78.53,High Income,11,264840.5228,78.49965625,1.000386546278666,21,TRUE,FALSE
United Kingdom,UNI,European Region,2002,59912431,59.91 mil.,29478.99919,78.471,High Income,14,231324.6545,78.49965625,0.9996349506307551,8,TRUE,TRUE
Finland,FIN,European Region,2002,5193039,5.19 mil.,28204.59057,78.37,High Income,7,221039.3763,78.49965625,0.9983483207928061,48,TRUE,FALSE
Belgium,BEL,European Region,2002,10311970,10.31 mil.,30485.88375,78.32,High Income,7,238765.4415,78.49965625,0.9977113753284746,28,TRUE,FALSE
Greece,GRE,European Region,2002,10603863,10.6 mil.,22514.2548,78.256,High Income,6,176187.5524,78.49965625,0.9968960851341307,26,TRUE,FALSE
Ireland,IRE,European Region,2002,3879155,3.88 mil.,34077.04939,77.783,High Income,7,265061.5133,78.49965625,0.9908705810415571,57,TRUE,FALSE
Portugal,POR,European Region,2002,10433867,10.43 mil.,19970.90787,77.29,Middle Income,8,154355.1469,73.31866666666669,1.0541653785302514,15,FALSE,FALSE
Denmark,DEN,European Region,2002,5374693,5.37 mil.,32166.50006,77.18,High Income,7,248261.0475,78.49965625,0.9831890187417223,45,TRUE,FALSE
Slovenia,SLO,European Region,2002,2011497,2.01 mil.,20660.01936,76.66,High Income,8,158379.7084,78.49965625,0.9765647859126771,59,TRUE,FALSE
Albania,ALB,European Region,2002,3508512,3.51 mil.,4604.211737,75.651,Low Income,7,34831.3222,73.1208,1.0346030130961368,3,FALSE,FALSE
Czech Republic,CZE,European Region,2002,10256295,10.26 mil.,17596.21022,75.51,Middle Income,14,132868.9834,73.31866666666669,1.0298877957409662,21,FALSE,FALSE
Croatia,CRO,European Region,2002,4481020,4.48 mil.,11628.38895,74.876,Middle Income,7,87068.7251,73.31866666666669,1.0212406117587152,41,FALSE,FALSE
Poland,POL,European Region,2002,38625976,38.63 mil.,12002.23908,74.67,Middle Income,6,89620.7192,73.31866666666669,1.0184309589190563,7,FALSE,FALSE
Bosnia and Herzegovina,BOS,European Region,2002,4165416,4.17 mil.,6018.975239,74.09,Middle Income,22,44594.5875,73.31866666666669,1.0105202858753566,43,FALSE,FALSE
Montenegro,MON,European Region,2002,720230,0.72 mil.,6557.194282,73.981,Middle Income,10,48510.779,73.31866666666669,1.0090336249067993,48,FALSE,FALSE
Slovak Republic,SLO,European Region,2002,5410052,5.41 mil.,13638.77837,73.8,Middle Income,15,100654.1844,73.31866666666669,1.0065649493535067,35,FALSE,FALSE
Serbia,SER,European Region,2002,10111559,10.11 mil.,7236.075251,73.213,Middle Income,6,52977.4777,73.31866666666669,0.9985588026696245,25,FALSE,FALSE
Hungary,HUN,European Region,2002,10083313,10.08 mil.,14843.93556,72.59,Middle Income,7,107752.1282,73.31866666666669,0.9900616486933748,26,FALSE,FALSE
Bulgaria,BUL,European Region,2002,7661799,7.66 mil.,7696.777725,72.14,Middle Income,8,55524.5545,73.31866666666669,0.9839240575387802,32,FALSE,TRUE
Romania,ROM,European Region,2002,22404337,22.4 mil.,7885.360081,71.322,Middle Income,7,56239.9652,73.31866666666669,0.9727672807288729,12,FALSE,FALSE
Turkey,TUR,European Region,2002,67308928,67.31 mil.,6508.085718,70.845,Middle Income,6,46106.5333,73.31866666666669,0.9662614341050025,2,FALSE,TRUE
Iceland,ICE,European Region,2007,301931,0.3 mil.,36180.78919,81.757,High Income,7,295803.2782,78.49965625,1.041495006546605,61,TRUE,FALSE
Switzerland,SWI,European Region,2007,7554661,7.55 mil.,37506.41907,81.701,High Income,11,306431.1944,78.49965625,1.040781627626554,40,TRUE,TRUE
Spain,SPA,European Region,2007,40448191,40.45 mil.,28821.0637,80.941,High Income,5,233280.5717,78.49965625,1.0311000565687192,17,TRUE,FALSE
Sweden,SWE,European Region,2007,9031088,9.03 mil.,33859.74835,80.884,High Income,6,273871.1886,78.49965625,1.0303739387393813,32,TRUE,TRUE
France,FRA,European Region,2007,61083916,61.08 mil.,30470.0167,80.657,High Income,6,245762.0137,78.49965625,1.0274822063313174,5,TRUE,TRUE
Italy,ITA,European Region,2007,58147733,58.15 mil.,28569.7197,80.546,High Income,5,230117.6643,78.49965625,1.0260681874005022,11,TRUE,TRUE
Norway,NOR,European Region,2007,4627926,4.63 mil.,49357.19017,80.196,High Income,6,395824.9223,78.49965625,1.0216095691501834,52,TRUE,FALSE
Austria,AUS,European Region,2007,8199783,8.2 mil.,36126.4927,79.829,High Income,7,288394.1786,78.49965625,1.016934389441992,36,TRUE,TRUE
Netherlands,NET,European Region,2007,16570613,16.57 mil.,36797.93332,79.762,High Income,11,293507.6757,78.49965625,1.016080882519788,20,TRUE,FALSE
Greece,GRE,European Region,2007,10706290,10.71 mil.,27538.41188,79.483,High Income,6,218883.5591,78.49965625,1.0125267268288198,24,TRUE,FALSE
Belgium,BEL,European Region,2007,10392226,10.39 mil.,33692.60508,79.441,High Income,7,267657.424,78.49965625,1.0119916926387815,27,TRUE,FALSE
United Kingdom,UNI,European Region,2007,60776238,60.78 mil.,33203.26128,79.425,High Income,14,263716.9027,78.49965625,1.0117878700901954,6,TRUE,TRUE
Germany,GER,European Region,2007,82400996,82.4 mil.,32170.37442,79.406,High Income,7,255452.0751,78.49965625,1.0115458308137497,1,TRUE,TRUE
Finland,FIN,European Region,2007,5238460,5.24 mil.,33207.0844,79.313,High Income,7,263375.3485,78.49965625,1.0103611122500935,47,TRUE,FALSE
Ireland,IRE,European Region,2007,4109086,4.11 mil.,40675.99635,78.885,High Income,7,320872.5972,78.49965625,1.004908859075418,56,TRUE,FALSE
Denmark,DEN,European Region,2007,5468120,5.47 mil.,35278.41874,78.332,High Income,7,276342.9097,78.49965625,0.9978642422399142,44,TRUE,FALSE
Portugal,POR,European Region,2007,10642836,10.64 mil.,20509.64777,78.098,High Income,8,160176.2472,78.49965625,0.994883337466844,25,TRUE,FALSE
Slovenia,SLO,European Region,2007,2009245,2.01 mil.,25768.25759,77.926,High Income,8,200801.7241,78.49965625,0.9926922450695445,60,TRUE,FALSE
Czech Republic,CZE,European Region,2007,10228744,10.23 mil.,22833.30851,76.486,High Income,14,174642.8435,78.49965625,0.9743482156968044,29,TRUE,FALSE
Albania,ALB,European Region,2007,3600523,3.6 mil.,5937.029526,76.423,Middle Income,7,45372.5607,73.31866666666669,1.0423402862390658,44,FALSE,FALSE
Croatia,CRO,European Region,2007,4493312,4.49 mil.,14619.22272,75.748,Middle Income,7,110737.6883,73.31866666666669,1.033133899507174,40,FALSE,FALSE
Poland,POL,European Region,2007,38518241,38.52 mil.,15389.92468,75.563,Middle Income,6,116290.8879,73.31866666666669,1.0306106675880629,8,FALSE,FALSE
Bosnia and Herzegovina,BOS,European Region,2007,4552198,4.55 mil.,7446.298803,74.852,Middle Income,22,55737.0358,73.31866666666669,1.0209132735638033,38,FALSE,FALSE
Slovak Republic,SLO,European Region,2007,5447502,5.45 mil.,18678.31435,74.663,Middle Income,15,139457.8984,73.31866666666669,1.0183354852788737,34,FALSE,FALSE
Montenegro,MON,European Region,2007,684736,0.68 mil.,9253.896111,74.543,Middle Income,10,68981.3178,73.31866666666669,1.0166987943043153,50,FALSE,FALSE
Serbia,SER,European Region,2007,10150265,10.15 mil.,9786.534714,74.002,Middle Income,6,72422.3142,73.31866666666669,1.009320045827347,24,FALSE,FALSE
Hungary,HUN,European Region,2007,9956108,9.96 mil.,18008.94444,73.338,Middle Income,7,132073.9967,73.31866666666669,1.0002636891014562,27,FALSE,TRUE
Bulgaria,BUL,European Region,2007,7322858,7.32 mil.,10680.79282,73.005,Middle Income,8,77975.128,73.31866666666669,0.9957218716470564,33,FALSE,TRUE
Romania,ROM,European Region,2007,22276056,22.28 mil.,10808.47561,72.476,Middle Income,7,78335.5078,73.31866666666669,0.9885067922675441,13,FALSE,FALSE
Turkey,TUR,European Region,2007,71158647,71.16 mil.,8458.276384,71.777,Middle Income,6,60710.9704,73.31866666666669,0.9789730673407406,1,FALSE,TRUE
Reunion,REU,African Region,1992,622191,0.62 mil.,6101.255823,73.615,Middle Income,7,44914.3947,64.87159374999999,1.1347801979969085,30,FALSE,FALSE
Tunisia,TUN,African Region,1992,8523077,8.52 mil.,4332.720164,70.001,Low Income,7,30329.4744,51.833994318181794,1.3504843861790867,92,FALSE,TRUE
Mauritius,MAU,African Region,1992,1096202,1.1 mil.,6058.253846,69.745,Middle Income,9,42253.2914,64.87159374999999,1.075123886562445,25,FALSE,FALSE
Libya,LIB,African Region,1992,4364501,4.36 mil.,9640.138501,68.755,Middle Income,5,66280.7723,64.87159374999999,1.059862969683861,14,FALSE,FALSE
Algeria,ALG,African Region,1992,26298373,26.3 mil.,5023.216647,67.744,Middle Income,7,34029.2789,64.87159374999999,1.0442783363866408,8,FALSE,FALSE
Morocco,MOR,African Region,1992,25798239,25.8 mil.,2948.047252,65.393,Low Income,7,19278.1654,51.833994318181794,1.2615851982887245,32,FALSE,FALSE
Egypt,EGY,African Region,1992,59402198,59.4 mil.,3794.755195,63.674,Low Income,5,24162.7242,51.833994318181794,1.228421634056187,11,FALSE,TRUE
Botswana,BOT,African Region,1992,1342614,1.34 mil.,7954.111645,62.745,Middle Income,8,49908.0735,64.87159374999999,0.9672184136835702,19,FALSE,FALSE
Sao Tome and Principe,SAO,African Region,1992,125911,0.13 mil.,1428.777814,62.742,Low Income,21,8964.4378,51.833994318181794,1.21044115594989,176,FALSE,FALSE
Namibia,NAM,African Region,1992,1554253,1.55 mil.,3804.537999,61.999,Low Income,7,23587.7551,51.833994318181794,1.1961069335969086,151,FALSE,FALSE
South Africa,SOU,African Region,1992,39964159,39.96 mil.,7225.069258,61.888,Middle Income,12,44714.5086,64.87159374999999,0.9540077007896851,5,FALSE,FALSE
Gabon,GAB,African Region,1992,985739,0.99 mil.,13522.15752,61.366,Middle Income,5,82980.0718,64.87159374999999,0.945961035526432,26,FALSE,FALSE
Zimbabwe,ZIM,African Region,1992,10704340,10.7 mil.,693.4207856,60.377,Low Income,8,4186.6667,51.833994318181794,1.1648147281372367,72,FALSE,FALSE
Lesotho,LES,African Region,1992,1803195,1.8 mil.,977.4862725,59.685,Low Income,7,5834.1268,51.833994318181794,1.1514644160668959,148,FALSE,FALSE
Kenya,KEN,African Region,1992,25020539,25.02 mil.,1341.921721,59.285,Low Income,5,7955.5829,51.833994318181794,1.1437474726736352,33,FALSE,FALSE
Swaziland,SWA,African Region,1992,962344,0.96 mil.,3553.0224,58.474,Low Income,9,20775.9432,51.833994318181794,1.1281013699437994,162,FALSE,FALSE
Mauritania,MAU,African Region,1992,2119465,2.12 mil.,1361.369784,58.333,Low Income,10,7941.2784,51.833994318181794,1.1253811473976751,141,FALSE,FALSE
Senegal,SEN,African Region,1992,8307920,8.31 mil.,1367.899369,58.196,Low Income,7,7960.6272,51.833994318181794,1.1227380942854832,97,FALSE,TRUE
Togo,TOG,African Region,1992,3747553,3.75 mil.,1034.298904,58.061,Low Income,4,6005.2429,51.833994318181794,1.1201336258902579,128,FALSE,FALSE
Comoros,COM,African Region,1992,454429,0.45 mil.,1246.90737,57.939,Low Income,7,7224.4566,51.833994318181794,1.1177799581553134,167,FALSE,FALSE
Ghana,GHA,African Region,1992,16278738,16.28 mil.,925.060154,57.501,Low Income,5,5319.1884,51.833994318181794,1.109329905139693,47,FALSE,FALSE
"Congo, Rep.",CON,African Region,1992,2409073,2.41 mil.,4016.239529,56.433,Low Income,11,22664.8445,51.833994318181794,1.0887256662796874,139,FALSE,FALSE
Cameroon,CAM,African Region,1992,12467171,12.47 mil.,1793.163278,54.314,Low Income,8,9739.387,51.833994318181794,1.0478451586538893,58,FALSE,FALSE
Benin,BEN,African Region,1992,4981671,4.98 mil.,1191.207681,53.919,Low Income,5,6422.8727,51.833994318181794,1.0402246770530443,117,FALSE,FALSE
Sudan,SUD,African Region,1992,28227588,28.23 mil.,1492.197043,53.556,Low Income,5,7991.6105,51.833994318181794,1.0332215509236604,30,FALSE,FALSE
Gambia,GAM,African Region,1992,1025384,1.03 mil.,665.6244126,52.644,Low Income,6,3504.1132,51.833994318181794,1.0156269199870263,161,FALSE,FALSE
Madagascar,MAD,African Region,1992,12210395,12.21 mil.,1040.67619,52.214,Low Income,10,5433.7867,51.833994318181794,1.0073312058392712,63,FALSE,FALSE
Cote d'Ivoire,COT,African Region,1992,12772596,12.77 mil.,1648.073791,52.044,Low Income,13,8577.2352,51.833994318181794,1.0040515048971355,57,FALSE,FALSE
Chad,CHA,African Region,1992,6429417,6.43 mil.,1058.0643,51.724,Low Income,4,5472.7318,51.833994318181794,0.9978779501825269,109,FALSE,TRUE
Djibouti,DJI,African Region,1992,384156,0.38 mil.,2377.156192,51.604,Low Income,8,12267.0768,51.833994318181794,0.9955628671645488,172,FALSE,FALSE
Tanzania,TAN,African Region,1992,26605473,26.61 mil.,825.682454,50.44,Low Income,8,4164.7423,51.833994318181794,0.9731065618901604,31,FALSE,FALSE
Burkina Faso,BUR,African Region,1992,8878303,8.88 mil.,931.7527731,50.26,Low Income,12,4682.9894,51.833994318181794,0.9696339373631931,87,FALSE,TRUE
Eritrea,ERI,African Region,1992,3668440,3.67 mil.,582.8585102,49.991,Low Income,7,2913.768,51.833994318181794,0.9644442929312255,130,FALSE,FALSE
Malawi,MAL,African Region,1992,10014249,10.01 mil.,563.2000145,49.42,Low Income,6,2783.3345,51.833994318181794,0.953428356237346,78,FALSE,FALSE
Central African Republic,CEN,African Region,1992,3265124,3.27 mil.,747.9055252,49.396,Low Income,24,3694.3541,51.833994318181794,0.9529653396337504,133,FALSE,FALSE
Uganda,UGA,African Region,1992,18252190,18.25 mil.,644.1707969,48.825,Low Income,6,3145.1639,51.833994318181794,0.941949402939871,42,FALSE,FALSE
Guinea,GUI,African Region,1992,6990574,6.99 mil.,794.3484384,48.576,Low Income,6,3858.627,51.833994318181794,0.9371456056775661,107,FALSE,TRUE
Mali,MAL,African Region,1992,8416215,8.42 mil.,739.014375,48.388,Low Income,4,3575.9428,51.833994318181794,0.9335186422827336,93,FALSE,TRUE
Ethiopia,ETH,African Region,1992,52088559,52.09 mil.,421.3534653,48.091,Low Income,8,2026.3309,51.833994318181794,0.9277888118132377,13,FALSE,TRUE
Equatorial Guinea,EQU,African Region,1992,387838,0.39 mil.,1132.055034,47.545,Low Income,17,5382.3557,51.833994318181794,0.917255184081437,171,FALSE,FALSE
Nigeria,NIG,African Region,1992,93364244,93.36 mil.,1619.848217,47.472,Low Income,7,7689.7435,51.833994318181794,0.9158468419121669,4,FALSE,TRUE
Niger,NIG,African Region,1992,8392818,8.39 mil.,581.182725,47.391,Low Income,5,2754.2831,51.833994318181794,0.9142841608750316,94,FALSE,TRUE
Zambia,ZAM,African Region,1992,8381163,8.38 mil.,1210.884633,46.1,Low Income,6,5582.1782,51.833994318181794,0.8893777260732831,96,FALSE,TRUE
"Congo, Dem. Rep.",CON,African Region,1992,41672143,41.67 mil.,457.7191807,45.548,Low Income,16,2084.8193,51.833994318181794,0.8787283441905835,16,FALSE,FALSE
Burundi,BUR,African Region,1992,5809236,5.81 mil.,631.6998778,44.736,Low Income,7,2825.9726,51.833994318181794,0.8630629491022644,114,FALSE,FALSE
Mozambique,MOZ,African Region,1992,13160731,13.16 mil.,410.8968239,44.284,Low Income,10,1819.6155,51.833994318181794,0.85434280306788,55,FALSE,FALSE
Guinea-Bissau,GUI,African Region,1992,1050938,1.05 mil.,745.5398706,43.266,Low Income,13,3225.6528,51.833994318181794,0.8347031821320318,160,FALSE,FALSE
Liberia,LIB,African Region,1992,1912974,1.91 mil.,636.6229191,40.802,Low Income,7,2597.5488,51.833994318181794,0.7871668108295465,147,FALSE,FALSE
Angola,ANG,African Region,1992,8735988,8.74 mil.,2627.845685,40.647,Low Income,6,10681.4044,51.833994318181794,0.784176495264658,91,FALSE,TRUE
Somalia,SOM,African Region,1992,6099799,6.1 mil.,926.9602964,39.658,Low Income,7,3676.1391,51.833994318181794,0.7650963527248213,112,FALSE,TRUE
Sierra Leone,SIE,African Region,1992,4260884,4.26 mil.,1068.696278,38.333,Low Income,12,4096.6334,51.833994318181794,0.7395339777346456,124,FALSE,FALSE
Rwanda,RWA,African Region,1992,7290203,7.29 mil.,737.0685949,23.599,Low Income,6,1739.4082,51.833994318181794,0.4552803678438917,103,FALSE,TRUE
Reunion,REU,African Region,1997,684810,0.68 mil.,6071.941411,74.772,Middle Income,7,45401.1203,64.87159374999999,1.1526154311570311,29,FALSE,FALSE
Tunisia,TUN,African Region,1997,9231669,9.23 mil.,4876.798614,71.973,Low Income,7,35099.7827,51.833994318181794,1.3885289171078612,85,FALSE,TRUE
Libya,LIB,African Region,1997,4759670,4.76 mil.,9467.446056,71.555,Middle Income,5,67744.3103,64.87159374999999,1.1030251588354112,13,FALSE,FALSE
Mauritius,MAU,African Region,1997,1149818,1.15 mil.,7425.705295,70.736,Middle Income,9,52526.469,64.87159374999999,1.0904002185085828,23,FALSE,FALSE
Algeria,ALG,African Region,1997,29072015,29.07 mil.,4797.295051,69.152,Low Income,7,33174.2547,51.833994318181794,1.334105173826891,27,FALSE,FALSE
Morocco,MOR,African Region,1997,28529501,28.53 mil.,2982.101858,67.66,Low Income,7,20176.9012,51.833994318181794,1.305320974970029,28,FALSE,FALSE
Egypt,EGY,African Region,1997,66134291,66.13 mil.,4173.181797,67.217,Low Income,5,28050.8761,51.833994318181794,1.2967744601619928,8,FALSE,TRUE
Sao Tome and Principe,SAO,African Region,1997,145608,0.15 mil.,1339.076036,63.306,Low Income,21,8477.1548,51.833994318181794,1.2213220461343874,175,FALSE,FALSE
Comoros,COM,African Region,1997,527982,0.53 mil.,1173.618235,60.66,Low Income,7,7119.1682,51.833994318181794,1.1702744655879684,165,FALSE,FALSE
Gabon,GAB,African Region,1997,1126189,1.13 mil.,14722.84188,60.461,Middle Income,5,89015.7743,64.87159374999999,0.9320103993899489,24,FALSE,FALSE
Mauritania,MAU,African Region,1997,2444741,2.44 mil.,1483.136136,60.43,Low Income,10,8962.5917,51.833994318181794,1.1658372231368437,138,FALSE,FALSE
South Africa,SOU,African Region,1997,42835005,42.84 mil.,7479.188244,60.236,Middle Income,12,45051.6383,64.87159374999999,0.9285420091902707,4,FALSE,FALSE
Senegal,SEN,African Region,1997,9535314,9.54 mil.,1392.368347,60.187,Low Income,7,8380.2474,51.833994318181794,1.1611491800254379,82,FALSE,TRUE
Namibia,NAM,African Region,1997,1774766,1.77 mil.,3899.52426,58.909,Low Income,7,22971.7075,51.833994318181794,1.1364935458839704,149,FALSE,FALSE
Ghana,GHA,African Region,1997,18418288,18.42 mil.,1005.245812,58.556,Low Income,5,5886.3174,51.833994318181794,1.1296833433394178,41,FALSE,FALSE
Togo,TOG,African Region,1997,4320890,4.32 mil.,982.2869243,58.39,Low Income,4,5735.5734,51.833994318181794,1.1264808118312148,123,FALSE,FALSE
Gambia,GAM,African Region,1997,1235767,1.24 mil.,653.7301704,55.861,Low Income,6,3651.8021,51.833994318181794,1.0776904372273246,155,FALSE,FALSE
Lesotho,LES,African Region,1997,1982823,1.98 mil.,1186.147994,55.558,Low Income,7,6590.001,51.833994318181794,1.0718448526069297,145,FALSE,FALSE
Sudan,SUD,African Region,1997,32160729,32.16 mil.,1632.210764,55.373,Low Income,5,9038.0407,51.833994318181794,1.0682757662875466,22,FALSE,FALSE
Madagascar,MAD,African Region,1997,14165114,14.17 mil.,986.2958956,54.978,Low Income,10,5422.4576,51.833994318181794,1.060655284686702,53,FALSE,FALSE
Benin,BEN,African Region,1997,6066080,6.07 mil.,1232.975292,54.777,Low Income,5,6753.8688,51.833994318181794,1.0567775206315886,113,FALSE,TRUE
Kenya,KEN,African Region,1997,28263827,28.26 mil.,1360.485021,54.407,Low Income,5,7401.9909,51.833994318181794,1.0496393479928223,29,FALSE,FALSE
Swaziland,SWA,African Region,1997,1054486,1.05 mil.,3876.76846,54.289,Low Income,9,21046.5883,51.833994318181794,1.0473628496918106,159,FALSE,FALSE
Eritrea,ERI,African Region,1997,4058319,4.06 mil.,913.47079,53.378,Low Income,7,4875.9244,51.833994318181794,1.0297875111136596,125,FALSE,FALSE
Djibouti,DJI,African Region,1997,417908,0.42 mil.,1895.016984,53.157,Low Income,8,10073.3418,51.833994318181794,1.025523899888883,170,FALSE,FALSE
"Congo, Rep.",CON,African Region,1997,2800947,2.8 mil.,3484.164376,52.962,Low Income,11,18452.8314,51.833994318181794,1.0217618899846685,137,FALSE,FALSE
Botswana,BOT,African Region,1997,1536536,1.54 mil.,8647.142313,52.556,Middle Income,8,45445.9211,64.87159374999999,0.8101542903745911,17,FALSE,FALSE
Cameroon,CAM,African Region,1997,14195809,14.2 mil.,1694.337469,52.199,Low Income,8,8844.2722,51.833994318181794,1.007041820462024,52,FALSE,FALSE
Chad,CHA,African Region,1997,7562011,7.56 mil.,1004.961353,51.573,Low Income,4,5182.8872,51.833994318181794,0.9949648040515712,102,FALSE,TRUE
Guinea,GUI,African Region,1997,8048834,8.05 mil.,869.4497668,51.455,Low Income,6,4473.7538,51.833994318181794,0.9926883057505592,99,FALSE,TRUE
Niger,NIG,African Region,1997,9666252,9.67 mil.,580.3052092,51.313,Low Income,5,2977.7201,51.833994318181794,0.9899487908459518,81,FALSE,TRUE
Burkina Faso,BUR,African Region,1997,10352843,10.35 mil.,946.2949618,50.324,Low Income,12,4762.1348,51.833994318181794,0.9708686483061149,76,FALSE,FALSE
Mali,MAL,African Region,1997,9384984,9.38 mil.,790.2579846,49.903,Low Income,4,3943.6244,51.833994318181794,0.9627465653847082,84,FALSE,TRUE
Ethiopia,ETH,African Region,1997,59861301,59.86 mil.,515.8894013,49.402,Low Income,8,2548.5968,51.833994318181794,0.9530810937846493,10,FALSE,TRUE
Tanzania,TAN,African Region,1997,30686889,30.69 mil.,789.1862231,48.466,Low Income,8,3824.8699,51.833994318181794,0.9350234462444195,25,FALSE,FALSE
Equatorial Guinea,EQU,African Region,1997,439971,0.44 mil.,2814.480755,48.245,Low Income,17,13578.4624,51.833994318181794,0.930759835019643,169,FALSE,FALSE
Cote d'Ivoire,COT,African Region,1997,14625967,14.63 mil.,1786.265407,47.991,Low Income,13,8572.4663,51.833994318181794,0.9258595759649225,50,FALSE,FALSE
Malawi,MAL,African Region,1997,10419991,10.42 mil.,692.2758103,47.495,Low Income,6,3287.964,51.833994318181794,0.9162905661572793,75,FALSE,FALSE
Nigeria,NIG,African Region,1997,106207839,106.21 mil.,1624.941275,47.464,Low Income,7,7712.6213,51.833994318181794,0.9156925030443017,3,FALSE,FALSE
Zimbabwe,ZIM,African Region,1997,11404948,11.4 mil.,792.4499603,46.809,Low Income,8,3709.379,51.833994318181794,0.9030560082378375,68,FALSE,FALSE
Mozambique,MOZ,African Region,1997,16603334,16.6 mil.,472.3460771,46.344,Low Income,10,2189.0407,51.833994318181794,0.894085061543172,45,FALSE,FALSE
Central African Republic,CEN,African Region,1997,3696513,3.7 mil.,740.5063317,46.066,Low Income,24,3411.2165,51.833994318181794,0.888721785884856,129,FALSE,FALSE
Burundi,BUR,African Region,1997,6121610,6.12 mil.,463.1151478,45.326,Low Income,7,2099.1157,51.833994318181794,0.8744454406073239,111,FALSE,TRUE
Guinea-Bissau,GUI,African Region,1997,1193708,1.19 mil.,796.6644681,44.873,Low Income,13,3574.8725,51.833994318181794,0.8657060022144561,156,FALSE,FALSE
Uganda,UGA,African Region,1997,21210254,21.21 mil.,816.559081,44.578,Low Income,6,3640.0571,51.833994318181794,0.8600147564619266,36,FALSE,FALSE
Somalia,SOM,African Region,1997,6633514,6.63 mil.,930.5964284,43.795,Low Income,7,4075.5471,51.833994318181794,0.844908839769619,108,FALSE,TRUE
"Congo, Dem. Rep.",CON,African Region,1997,47798986,47.8 mil.,312.188423,42.587,Low Income,16,1329.5168,51.833994318181794,0.821603670721972,14,FALSE,FALSE
Liberia,LIB,African Region,1997,2200725,2.2 mil.,609.17395079999994,42.221,Low Income,7,2571.9933,51.833994318181794,0.8145426675171384,140,FALSE,FALSE
Angola,ANG,African Region,1997,9875024,9.88 mil.,2277.140884,40.963,Low Income,6,9327.8522,51.833994318181794,0.790272880545334,80,FALSE,TRUE
Zambia,ZAM,African Region,1997,9417789,9.42 mil.,1071.353818,40.238,Low Income,6,4310.9135,51.833994318181794,0.7762859206450491,83,FALSE,TRUE
Sierra Leone,SIE,African Region,1997,4578212,4.58 mil.,574.6481576,39.897,Low Income,12,2292.6738,51.833994318181794,0.7697072264022945,120,FALSE,FALSE
Rwanda,RWA,African Region,1997,7212583,7.21 mil.,589.9445051,36.087,Low Income,6,2128.9327,51.833994318181794,0.6962033405814874,104,FALSE,TRUE
Reunion,REU,African Region,2002,743981,0.74 mil.,6316.1652,75.744,Middle Income,7,47841.1617,64.87159374999999,1.1675988768196406,28,FALSE,FALSE
Tunisia,TUN,African Region,2002,9770575,9.77 mil.,5722.895655,73.042,Middle Income,7,41801.1744,64.87159374999999,1.125947364288395,10,FALSE,TRUE
Libya,LIB,African Region,2002,5368585,5.37 mil.,9534.677467,72.737,Middle Income,5,69352.3835,64.87159374999999,1.1212457686843866,12,FALSE,FALSE
Mauritius,MAU,African Region,2002,1200206,1.2 mil.,9021.815894,71.954,Middle Income,9,64915.5741,64.87159374999999,1.109175770789507,22,FALSE,FALSE
Algeria,ALG,African Region,2002,31287142,31.29 mil.,5288.040382,70.994,Middle Income,7,37541.9139,64.87159374999999,1.094377305937547,7,FALSE,FALSE
Egypt,EGY,African Region,2002,73312559,73.31 mil.,4754.604414,69.806,Low Income,5,33189.9916,51.833994318181794,1.346722376274872,6,FALSE,TRUE
Morocco,MOR,African Region,2002,31167783,31.17 mil.,3258.495584,69.615,Low Income,7,22684.017,51.833994318181794,1.34303753580459,24,FALSE,FALSE
Sao Tome and Principe,SAO,African Region,2002,170372,0.17 mil.,1353.09239,64.337,Low Income,21,8705.3905,51.833994318181794,1.2412124677305167,174,FALSE,FALSE
Comoros,COM,African Region,2002,614382,0.61 mil.,1075.811558,62.974,Low Income,7,6774.8157,51.833994318181794,1.2149169831179811,164,FALSE,FALSE
Mauritania,MAU,African Region,2002,2828858,2.83 mil.,1579.019543,62.247,Low Income,10,9828.9229,51.833994318181794,1.2008914385007299,135,FALSE,FALSE
Senegal,SEN,African Region,2002,10870037,10.87 mil.,1519.635262,61.6,Low Income,7,9360.9532,51.833994318181794,1.188409282562131,70,FALSE,FALSE
Ghana,GHA,African Region,2002,20550751,20.55 mil.,1111.984578,58.453,Low Income,5,6499.8835,51.833994318181794,1.1276962304156533,37,FALSE,FALSE
Gambia,GAM,African Region,2002,1457766,1.46 mil.,660.5855997,58.041,Low Income,6,3834.1049,51.833994318181794,1.1197477787205947,153,FALSE,FALSE
Togo,TOG,African Region,2002,4977378,4.98 mil.,886.2205765,57.561,Low Income,4,5101.1743,51.833994318181794,1.1104874466486823,118,FALSE,FALSE
Madagascar,MAD,African Region,2002,16473477,16.47 mil.,894.6370822,57.286,Low Income,10,5125.018,51.833994318181794,1.1051820480658154,46,FALSE,FALSE
Gabon,GAB,African Region,2002,1299304,1.3 mil.,12521.71392,56.761,Middle Income,5,71074.5004,64.87159374999999,0.8749746494396866,20,FALSE,FALSE
Sudan,SUD,African Region,2002,37090298,37.09 mil.,1993.398314,56.369,Low Income,5,11236.587,51.833994318181794,1.0874909553367655,18,FALSE,FALSE
Eritrea,ERI,African Region,2002,4414865,4.41 mil.,765.3500015,55.24,Low Income,7,4227.7934,51.833994318181794,1.0657098826092877,121,FALSE,FALSE
Niger,NIG,African Region,2002,11140655,11.14 mil.,601.0745012,54.496,Low Income,5,3275.6156,51.833994318181794,1.0513563678978228,69,FALSE,FALSE
Benin,BEN,African Region,2002,7026113,7.03 mil.,1372.877931,54.406,Low Income,5,7469.2797,51.833994318181794,1.0496200556343391,105,FALSE,TRUE
Guinea,GUI,African Region,2002,8807818,8.81 mil.,945.5835837,53.676,Low Income,6,5075.5144,51.833994318181794,1.0355366339416388,90,FALSE,TRUE
Djibouti,DJI,African Region,2002,447416,0.45 mil.,1908.260867,53.373,Low Income,8,10184.9607,51.833994318181794,1.0296910493212437,168,FALSE,FALSE
South Africa,SOU,African Region,2002,44433622,44.43 mil.,7710.946444,53.365,Middle Income,12,41149.4657,64.87159374999999,0.8226250800258782,2,FALSE,FALSE
"Congo, Rep.",CON,African Region,2002,3328795,3.33 mil.,3484.06197,52.97,Low Income,11,18455.0763,51.833994318181794,1.0219162288525336,131,FALSE,FALSE
Mali,MAL,African Region,2002,10580176,10.58 mil.,951.4097518,51.818,Low Income,4,4930.0151,51.833994318181794,0.9996914318799432,74,FALSE,FALSE
Namibia,NAM,African Region,2002,1972153,1.97 mil.,4072.324751,51.479,Low Income,7,20963.9206,51.833994318181794,0.9931513223541548,146,FALSE,FALSE
Kenya,KEN,African Region,2002,31386842,31.39 mil.,1287.514732,50.992,Low Income,5,6565.2951,51.833994318181794,0.98375594377286,23,FALSE,FALSE
Ethiopia,ETH,African Region,2002,67946797,67.95 mil.,530.0535319,50.725,Low Income,8,2688.6965,51.833994318181794,0.9786048840578587,7,FALSE,TRUE
Burkina Faso,BUR,African Region,2002,12251209,12.25 mil.,1037.645221,50.65,Low Income,12,5255.673,51.833994318181794,0.9771579571716222,62,FALSE,FALSE
Chad,CHA,African Region,2002,8835739,8.84 mil.,1156.18186,50.525,Low Income,4,5841.6088,51.833994318181794,0.9747464123612284,89,FALSE,TRUE
Cameroon,CAM,African Region,2002,15929988,15.93 mil.,1934.011449,49.856,Low Income,8,9642.2075,51.833994318181794,0.961839824536,49,FALSE,FALSE
Tanzania,TAN,African Region,2002,34593779,34.59 mil.,899.0742111,49.651,Low Income,8,4463.9934,51.833994318181794,0.9578848910469541,20,FALSE,FALSE
Equatorial Guinea,EQU,African Region,2002,495627,0.5 mil.,7703.4959,49.348,Middle Income,17,38015.2116,64.87159374999999,0.7607027536609582,32,FALSE,FALSE
Uganda,UGA,African Region,2002,24739869,24.74 mil.,927.7210018,47.813,Low Income,6,4435.7124,51.833994318181794,0.9224255361549216,34,FALSE,FALSE
Burundi,BUR,African Region,2002,7021078,7.02 mil.,446.4035126,47.36,Low Income,7,2114.167,51.833994318181794,0.9136860977620539,106,FALSE,TRUE
Cote d'Ivoire,COT,African Region,2002,16252726,16.25 mil.,1648.800823,46.832,Low Income,13,7721.664,51.833994318181794,0.90349973248295,48,FALSE,FALSE
Botswana,BOT,African Region,2002,1630347,1.63 mil.,11003.60508,46.634,Middle Income,8,51314.2119,64.87159374999999,0.7188662603190631,16,FALSE,FALSE
Nigeria,NIG,African Region,2002,119901274,119.9 mil.,1615.286395,46.608,Low Income,7,7528.5268,51.833994318181794,0.899178244182724,2,FALSE,FALSE
Somalia,SOM,African Region,2002,7753310,7.75 mil.,882.0818218,45.936,Low Income,7,4051.9311,51.833994318181794,0.8862137792820463,101,FALSE,TRUE
Guinea-Bissau,GUI,African Region,2002,1332459,1.33 mil.,575.7047176,45.504,Low Income,13,2619.6867,51.833994318181794,0.8778794804173248,154,FALSE,FALSE
Malawi,MAL,African Region,2002,11824495,11.82 mil.,665.4231186,45.009,Low Income,6,2995.0029,51.833994318181794,0.8683297629681649,66,FALSE,FALSE
"Congo, Dem. Rep.",CON,African Region,2002,55379852,55.38 mil.,241.1658765,44.966,Low Income,16,1084.4265,51.833994318181794,0.8675001915533893,12,FALSE,TRUE
Lesotho,LES,African Region,2002,2046772,2.05 mil.,1275.184575,44.593,Low Income,7,5686.4306,51.833994318181794,0.8603041418391739,143,FALSE,FALSE
Mozambique,MOZ,African Region,2002,18473780,18.47 mil.,633.6179466,44.026,Low Income,10,2789.5664,51.833994318181794,0.849365374579227,40,FALSE,FALSE
Swaziland,SWA,African Region,2002,1130269,1.13 mil.,4128.116943,43.869,Low Income,9,18109.6362,51.833994318181794,0.8463364742973721,158,FALSE,FALSE
Liberia,LIB,African Region,2002,2814651,2.81 mil.,531.4823679,43.753,Low Income,7,2325.3948,51.833994318181794,0.8440985607133266,136,FALSE,FALSE
Rwanda,RWA,African Region,2002,7852401,7.85 mil.,785.6537648,43.413,Low Income,6,3410.7587,51.833994318181794,0.837539158829055,100,FALSE,TRUE
Central African Republic,CEN,African Region,2002,4048013,4.05 mil.,738.6906068,43.308,Low Income,24,3199.1213,51.833994318181794,0.8355134611883241,126,FALSE,FALSE
Sierra Leone,SIE,African Region,2002,5359092,5.36 mil.,699.489713,41.012,Low Income,12,2868.7472,51.833994318181794,0.7912182061110083,116,FALSE,FALSE
Angola,ANG,African Region,2002,10866106,10.87 mil.,2773.287312,41.003,Low Income,6,11371.31,51.833994318181794,0.7910445748846601,71,FALSE,FALSE
Zimbabwe,ZIM,African Region,2002,11926563,11.93 mil.,672.0386227,39.989,Low Income,8,2687.4152,51.833994318181794,0.7714821233827444,65,FALSE,FALSE
Zambia,ZAM,African Region,2002,10595811,10.6 mil.,1071.613938,39.193,Low Income,6,4199.9765,51.833994318181794,0.7561254060301558,73,FALSE,FALSE
Reunion,REU,African Region,2007,798094,0.8 mil.,7670.122558,76.442,Middle Income,7,58631.9509,64.87159374999999,1.1783585939724197,27,FALSE,FALSE
Libya,LIB,African Region,2007,6036914,6.04 mil.,12057.49928,73.952,Middle Income,5,89167.6187,64.87159374999999,1.1399750757626486,11,FALSE,TRUE
Tunisia,TUN,African Region,2007,10276158,10.28 mil.,7092.923025,73.923,Middle Income,7,52433.0149,64.87159374999999,1.1395280388035791,9,FALSE,FALSE
Mauritius,MAU,African Region,2007,1250882,1.25 mil.,10956.99112,72.801,Middle Income,9,79767.9911,64.87159374999999,1.1222323330078507,21,FALSE,FALSE
Algeria,ALG,African Region,2007,33333216,33.33 mil.,6223.367465,72.301,Middle Income,7,44995.5691,64.87159374999999,1.1145247992307883,6,FALSE,FALSE
Egypt,EGY,African Region,2007,80264543,80.26 mil.,5581.180998,71.338,Middle Income,5,39815.029,64.87159374999999,1.099680089176166,1,FALSE,TRUE
Morocco,MOR,African Region,2007,33757175,33.76 mil.,3820.17523,71.164,Low Income,7,27185.895,51.833994318181794,1.3729213990949918,21,FALSE,FALSE
Sao Tome and Principe,SAO,African Region,2007,199579,0.2 mil.,1598.435089,65.528,Low Income,21,10474.2255,51.833994318181794,1.26418966668395,173,FALSE,FALSE
Comoros,COM,African Region,2007,710960,0.71 mil.,986.1478792,65.152,Low Income,7,6424.9507,51.833994318181794,1.256935739894285,163,FALSE,FALSE
Mauritania,MAU,African Region,2007,3270065,3.27 mil.,1803.151496,64.164,Low Income,10,11569.7413,51.833994318181794,1.2378748897129315,132,FALSE,FALSE
Senegal,SEN,African Region,2007,12267493,12.27 mil.,1712.472136,63.062,Low Income,7,10799.1918,51.833994318181794,1.2166147106644984,61,FALSE,FALSE
Ghana,GHA,African Region,2007,22873338,22.87 mil.,1327.60891,60.022,Low Income,5,7968.5742,51.833994318181794,1.157965940875718,35,FALSE,FALSE
Gambia,GAM,African Region,2007,1688359,1.69 mil.,752.7497265,59.448,Low Income,6,4474.9466,51.833994318181794,1.146892127106389,150,FALSE,FALSE
Madagascar,MAD,African Region,2007,19167654,19.17 mil.,1044.770126,59.443,Low Income,10,6210.4271,51.833994318181794,1.1467956653139733,39,FALSE,FALSE
Sudan,SUD,African Region,2007,42292929,42.29 mil.,2602.394995,58.556,Low Income,5,15238.5841,51.833994318181794,1.1296833433394178,15,FALSE,FALSE
Togo,TOG,African Region,2007,5701579,5.7 mil.,882.9699438,58.42,Low Income,4,5158.3104,51.833994318181794,1.1270595825857093,115,FALSE,FALSE
Eritrea,ERI,African Region,2007,4906585,4.91 mil.,641.3695236,58.04,Low Income,7,3722.5087,51.833994318181794,1.1197284863621118,119,FALSE,FALSE
Niger,NIG,African Region,2007,12894865,12.89 mil.,619.6768924,56.867,Low Income,5,3523.9166,51.833994318181794,1.097098549861375,56,FALSE,FALSE
Gabon,GAB,African Region,2007,1454867,1.45 mil.,13206.48452,56.735,Middle Income,5,74926.9899,64.87159374999999,0.8745738576832793,18,FALSE,FALSE
Benin,BEN,African Region,2007,8078314,8.08 mil.,1441.284873,56.728,Low Income,5,8176.1208,51.833994318181794,1.094416912032217,98,FALSE,TRUE
Guinea,GUI,African Region,2007,9947814,9.95 mil.,942.6542111,56.007,Low Income,6,5279.5234,51.833994318181794,1.0805071215658648,79,FALSE,TRUE
"Congo, Rep.",CON,African Region,2007,3800610,3.8 mil.,3632.557798,55.322,Low Income,11,20096.0363,51.833994318181794,1.067291856004906,127,FALSE,FALSE
Djibouti,DJI,African Region,2007,496374,0.5 mil.,2082.481567,54.791,Low Income,8,11410.1248,51.833994318181794,1.0570476136503526,166,FALSE,FALSE
Mali,MAL,African Region,2007,12031795,12.03 mil.,1042.581557,54.467,Low Income,4,5678.629,51.833994318181794,1.0507968895018114,64,FALSE,FALSE
Kenya,KEN,African Region,2007,35610177,35.61 mil.,1463.249282,54.11,Low Income,5,7917.6419,51.833994318181794,1.0439095175233264,19,FALSE,FALSE
Ethiopia,ETH,African Region,2007,76511887,76.51 mil.,690.8055759,52.947,Low Income,8,3657.6083,51.833994318181794,1.0214725046074213,5,FALSE,TRUE
Namibia,NAM,African Region,2007,2055080,2.06 mil.,4811.060429,52.906,Low Income,7,25453.3963,51.833994318181794,1.020681517909612,142,FALSE,FALSE
Tanzania,TAN,African Region,2007,38139640,38.14 mil.,1107.482182,52.517,Low Income,8,5816.1642,51.833994318181794,1.0131767904596662,17,FALSE,FALSE
Burkina Faso,BUR,African Region,2007,14326203,14.33 mil.,1217.032994,52.295,Low Income,12,6364.474,51.833994318181794,1.0088938868764066,51,FALSE,FALSE
Equatorial Guinea,EQU,African Region,2007,551201,0.55 mil.,12154.08975,51.579,Middle Income,17,62689.5795,64.87159374999999,0.7950937693742111,31,FALSE,FALSE
Uganda,UGA,African Region,2007,29170398,29.17 mil.,1056.380121,51.542,Low Income,6,5444.7944,51.833994318181794,0.9943667409385935,26,FALSE,FALSE
Botswana,BOT,African Region,2007,1639131,1.64 mil.,12569.85177,50.728,Middle Income,8,63764.3441,64.87159374999999,0.7819755468856507,15,FALSE,FALSE
Chad,CHA,African Region,2007,10238807,10.24 mil.,1704.063724,50.651,Low Income,4,8631.2532,51.833994318181794,0.9771772495301055,77,FALSE,FALSE
Cameroon,CAM,African Region,2007,17696293,17.7 mil.,2042.09524,50.43,Low Income,8,10298.2863,51.833994318181794,0.972913638305329,44,FALSE,FALSE
Burundi,BUR,African Region,2007,8390505,8.39 mil.,430.0706916,49.58,Low Income,7,2132.2905,51.833994318181794,0.9565151335946502,95,FALSE,TRUE
South Africa,SOU,African Region,2007,43997828,44 mil.,9269.657808,49.339,Middle Income,12,45735.5647,64.87159374999999,0.7605640180529711,3,FALSE,FALSE
Cote d'Ivoire,COT,African Region,2007,18013409,18.01 mil.,1544.750112,48.328,Low Income,13,7465.4683000000005,51.833994318181794,0.9323611007737447,43,FALSE,FALSE
Malawi,MAL,African Region,2007,13327079,13.33 mil.,759.3499101,48.303,Low Income,6,3667.8879,51.833994318181794,0.9318787918116658,54,FALSE,FALSE
Somalia,SOM,African Region,2007,9118773,9.12 mil.,926.1410683,48.159,Low Income,7,4460.2028,51.833994318181794,0.929100692190092,86,FALSE,TRUE
Nigeria,NIG,African Region,2007,135031164,135.03 mil.,2013.977305,46.859,Low Income,7,9437.2963,51.833994318181794,0.9040206261619951,1,FALSE,FALSE
"Congo, Dem. Rep.",CON,African Region,2007,64606759,64.61 mil.,277.5518587,46.462,Low Income,16,1289.5614,51.833994318181794,0.896361559844184,9,FALSE,TRUE
Guinea-Bissau,GUI,African Region,2007,1472041,1.47 mil.,579.231743,46.388,Low Income,13,2686.9402,51.833994318181794,0.8949339253164307,152,FALSE,FALSE
Rwanda,RWA,African Region,2007,8860588,8.86 mil.,863.0884639,46.242,Low Income,6,3991.0937,51.833994318181794,0.8921172409778906,88,FALSE,TRUE
Liberia,LIB,African Region,2007,3193942,3.19 mil.,414.5073415,45.678,Low Income,7,1893.3866,51.833994318181794,0.8812363507933931,134,FALSE,FALSE
Central African Republic,CEN,African Region,2007,4369038,4.37 mil.,706.016537,44.741,Low Income,24,3158.7886,51.833994318181794,0.8631594108946802,122,FALSE,FALSE
Zimbabwe,ZIM,African Region,2007,12311143,12.31 mil.,469.7092981,43.487,Low Income,8,2042.6248,51.833994318181794,0.8389667933568083,60,FALSE,FALSE
Angola,ANG,African Region,2007,12420476,12.42 mil.,4797.231267,42.731,Low Income,6,20499.0489,51.833994318181794,0.8243817703435458,59,FALSE,FALSE
Lesotho,LES,African Region,2007,2012649,2.01 mil.,1569.331442,42.592,Low Income,7,6684.0965,51.833994318181794,0.8217001325143877,144,FALSE,FALSE
Sierra Leone,SIE,African Region,2007,6144562,6.14 mil.,862.5407561,42.568,Low Income,12,3671.6635,51.833994318181794,0.8212371159107921,110,FALSE,TRUE
Zambia,ZAM,African Region,2007,11746035,11.75 mil.,1271.211593,42.384,Low Income,6,5387.9032,51.833994318181794,0.8176873219498922,67,FALSE,FALSE
Mozambique,MOZ,African Region,2007,19951656,19.95 mil.,823.6856205,42.082,Low Income,10,3466.2338,51.833994318181794,0.8118610296879805,38,FALSE,FALSE
Swaziland,SWA,African Region,2007,1133066,1.13 mil.,4513.480643,39.613,Low Income,9,17879.2509,51.833994318181794,0.7642281965930795,157,FALSE,FALSE
Canada,CAN,Americas Region,1992,28523502,28.52 mil.,26342.88426,77.95,High Income,6,205342.7828,78.179375,0.9970660420347439,8,TRUE,FALSE
United States,UNI,Americas Region,1992,256894189,256.89 mil.,32003.93224,76.09,High Income,13,243517.9204,78.179375,0.9732746008777892,4,TRUE,FALSE
Costa Rica,COS,Americas Region,1992,3173216,3.17 mil.,6160.416317,75.713,Middle Income,10,46642.3601,73.26384375,1.0334292623023889,52,FALSE,FALSE
Cuba,CUB,Americas Region,1992,10723260,10.72 mil.,5592.843963,74.414,Middle Income,4,41618.5891,73.26384375,1.0156988248381384,36,FALSE,FALSE
Chile,CHI,Americas Region,1992,13572994,13.57 mil.,7596.125964,74.126,Middle Income,5,56307.0433,73.26384375,1.0117678271555333,28,FALSE,FALSE
Puerto Rico,PUE,Americas Region,1992,3585176,3.59 mil.,14641.58711,73.911,Middle Income,11,108217.4345,73.26384375,1.0088332281910883,46,FALSE,FALSE
Uruguay,URU,Americas Region,1992,3149262,3.15 mil.,8137.004775,72.752,Middle Income,7,59198.3371,73.26384375,0.9930136923781041,53,FALSE,FALSE
Panama,PAN,Americas Region,1992,2484997,2.48 mil.,6618.74305,72.462,Middle Income,6,47960.7359,73.26384375,0.989055396100481,59,FALSE,FALSE
Argentina,ARG,Americas Region,1992,33958947,33.96 mil.,9308.41871,71.868,Middle Income,9,66897.7436,73.26384375,0.9809477133801077,16,FALSE,FALSE
Jamaica,JAM,Americas Region,1992,2378618,2.38 mil.,7404.923685,71.766,Middle Income,7,53142.1753,73.26384375,0.9795554850341851,60,FALSE,FALSE
Mexico,MEX,Americas Region,1992,88111030,88.11 mil.,9472.384295,71.455,Middle Income,6,67684.922,73.26384375,0.9753105535088717,8,FALSE,TRUE
Venezuela,VEN,Americas Region,1992,20265563,20.27 mil.,10733.92631,71.15,Middle Income,9,76371.8857,73.26384375,0.9711475177686129,23,FALSE,FALSE
Trinidad and Tobago,TRI,Americas Region,1992,1183669,1.18 mil.,7370.990932,69.862,Middle Income,19,51495.2168,73.26384375,0.9535672225769616,61,FALSE,FALSE
Ecuador,ECU,Americas Region,1992,10748394,10.75 mil.,7103.702595,69.613,Middle Income,7,49451.0049,73.26384375,0.9501685474972092,35,FALSE,FALSE
Dominican Republic,DOM,Americas Region,1992,7351181,7.35 mil.,3044.214214,68.457,Low Income,18,20839.7772,66.22871428571429,1.0336453113776716,13,FALSE,TRUE
Colombia,COL,Americas Region,1992,34202721,34.2 mil.,5444.648617,68.421,Middle Income,8,37252.8303,73.26384375,0.9338985848664267,15,FALSE,FALSE
Paraguay,PAR,Americas Region,1992,4483945,4.48 mil.,4196.411078,68.225,Low Income,8,28630.0146,66.22871428571429,1.0301422990890872,27,FALSE,FALSE
Brazil,BRA,Americas Region,1992,155975974,155.98 mil.,6950.283021,67.057,Middle Income,6,46606.5129,73.26384375,0.9152809430640881,4,FALSE,FALSE
El Salvador,ELS,Americas Region,1992,5274649,5.27 mil.,4444.2317,66.798,Low Income,11,29686.5789,66.22871428571429,1.0085957536761136,22,FALSE,FALSE
Peru,PER,Americas Region,1992,22430449,22.43 mil.,4446.380924,66.458,Low Income,4,29549.7583,66.22871428571429,1.0034620287704297,1,FALSE,FALSE
Honduras,HON,Americas Region,1992,5077347,5.08 mil.,3081.694603,66.399,Low Income,8,20462.144,66.22871428571429,1.0025711765073846,25,FALSE,FALSE
Nicaragua,NIC,Americas Region,1992,4017939,4.02 mil.,2170.151724,65.843,Low Income,9,14288.93,66.22871428571429,0.9941760263675014,28,FALSE,FALSE
Guatemala,GUA,Americas Region,1992,8486949,8.49 mil.,4439.45084,63.373,Low Income,9,28134.1318,66.22871428571429,0.956881024846797,7,FALSE,TRUE
Bolivia,BOL,Americas Region,1992,6893451,6.89 mil.,2961.699694,59.957,Low Income,7,17757.4629,66.22871428571429,0.9053021887355721,15,FALSE,TRUE
Haiti,HAI,Americas Region,1992,6326682,6.33 mil.,1456.309517,55.089,Low Income,5,8022.6635,66.22871428571429,0.8317993274388967,18,FALSE,TRUE
Canada,CAN,Americas Region,1997,30305843,30.31 mil.,28954.92589,78.61,High Income,6,227614.6724,78.179375,1.005508166316244,7,TRUE,FALSE
Costa Rica,COS,Americas Region,1997,3518107,3.52 mil.,6677.045314,77.26,Middle Income,10,51586.8521,73.26384375,1.0545447255488831,47,FALSE,FALSE
United States,UNI,Americas Region,1997,272911760,272.91 mil.,35767.43303,76.81,High Income,13,274729.6531,78.179375,0.982484191003062,3,TRUE,FALSE
Cuba,CUB,Americas Region,1997,10983007,10.98 mil.,5431.990415,76.151,Middle Income,4,41365.1502,73.26384375,1.039407654611351,34,FALSE,FALSE
Chile,CHI,Americas Region,1997,14599929,14.6 mil.,10118.05318,75.816,Middle Income,5,76711.032,73.26384375,1.0348351399458207,26,FALSE,FALSE
Puerto Rico,PUE,Americas Region,1997,3759430,3.76 mil.,16999.4333,74.917,Middle Income,11,127354.6545,73.26384375,1.0225644214851886,45,FALSE,FALSE
Uruguay,URU,Americas Region,1997,3262838,3.26 mil.,9230.240708,74.223,Middle Income,7,68509.6156,73.26384375,1.0130918090139107,50,FALSE,FALSE
Panama,PAN,Americas Region,1997,2734531,2.73 mil.,7113.692252,73.738,Middle Income,6,52454.9439,73.26384375,1.0064718997220234,56,FALSE,FALSE
Mexico,MEX,Americas Region,1997,95895146,95.9 mil.,9767.29753,73.67,Middle Income,6,71955.6809,73.26384375,1.0055437474914084,7,FALSE,TRUE
Argentina,ARG,Americas Region,1997,36203463,36.2 mil.,10967.28195,73.275,Middle Income,9,80362.7585,73.26384375,1.0001522749753353,14,FALSE,FALSE
Ecuador,ECU,Americas Region,1997,11911819,11.91 mil.,7429.455877,72.312,Middle Income,7,53723.8813,73.26384375,0.987008001474124,31,FALSE,FALSE
Jamaica,JAM,Americas Region,1997,2531311,2.53 mil.,7121.924704,72.262,Middle Income,7,51464.4523,73.26384375,0.9863255365986717,58,FALSE,FALSE
Venezuela,VEN,Americas Region,1997,22374398,22.37 mil.,10165.49518,72.146,Middle Income,9,73339.9815,73.26384375,0.9847422180876224,22,FALSE,FALSE
Colombia,COL,Americas Region,1997,37657830,37.66 mil.,6117.361746,70.313,Middle Income,8,43013.0056,73.26384375,0.9597230557535414,13,FALSE,FALSE
Dominican Republic,DOM,Americas Region,1997,7992357,7.99 mil.,3614.101285,69.957,Low Income,18,25283.1684,66.22871428571429,1.0562940977262774,9,FALSE,TRUE
El Salvador,ELS,Americas Region,1997,5783439,5.78 mil.,5154.825496,69.535,Middle Income,11,35844.0791,73.26384375,0.9491039022915037,40,FALSE,FALSE
Trinidad and Tobago,TRI,Americas Region,1997,1138101,1.14 mil.,8792.573126,69.465,Middle Income,19,61077.6092,73.26384375,0.9481484514658706,62,FALSE,FALSE
Paraguay,PAR,Americas Region,1997,5154123,5.15 mil.,4247.400261,69.4,Low Income,8,29476.9578,66.22871428571429,1.0478838483954953,23,FALSE,FALSE
Brazil,BRA,Americas Region,1997,168546719,168.55 mil.,7957.980824,69.388,Middle Income,6,55218.8373,73.26384375,0.947097455557674,3,FALSE,FALSE
Nicaragua,NIC,Americas Region,1997,4609572,4.61 mil.,2253.023004,68.426,Low Income,9,15416.5352,66.22871428571429,1.0331772364598004,26,FALSE,FALSE
Peru,PER,Americas Region,1997,24748122,24.75 mil.,5838.347657,68.386,Middle Income,4,39926.1243,73.26384375,0.93342085945361,20,FALSE,FALSE
Honduras,HON,Americas Region,1997,5867957,5.87 mil.,3160.454906,67.659,Low Income,8,21383.3218,66.22871428571429,1.0215961570402134,20,FALSE,FALSE
Guatemala,GUA,Americas Region,1997,9803875,9.8 mil.,4684.313807,66.322,Low Income,9,31067.306,66.22871428571429,1.0014085388081562,3,FALSE,TRUE
Bolivia,BOL,Americas Region,1997,7693188,7.69 mil.,3326.143191,62.05,Low Income,7,20638.7185,66.22871428571429,0.9369047952873267,10,FALSE,TRUE
Haiti,HAI,Americas Region,1997,6913545,6.91 mil.,1341.726931,56.671,Low Income,5,7603.7007,66.22871428571429,0.8556862474412263,14,FALSE,TRUE
Canada,CAN,Americas Region,2002,31902268,31.9 mil.,33328.96507,79.77,High Income,6,265865.1544,78.179375,1.0203458392958502,6,TRUE,FALSE
Costa Rica,COS,Americas Region,2002,3834934,3.83 mil.,7723.447195,78.123,Middle Income,10,60337.8865,73.26384375,1.0663240692991895,44,FALSE,FALSE
Chile,CHI,Americas Region,2002,15497046,15.5 mil.,10778.78385,77.86,Middle Income,5,83923.6111,73.26384375,1.0627343040543105,25,FALSE,FALSE
Puerto Rico,PUE,Americas Region,2002,3859606,3.86 mil.,18855.60618,77.778,Middle Income,11,146655.1337,73.26384375,1.0616150616585687,43,FALSE,FALSE
United States,UNI,Americas Region,2002,287675526,287.68 mil.,39097.09955,77.31,High Income,13,302259.6766,78.179375,0.988879739701168,2,TRUE,FALSE
Cuba,CUB,Americas Region,2002,11226999,11.23 mil.,6340.646683,77.158,Middle Income,4,48923.1617,73.26384375,1.0531524972029602,33,FALSE,FALSE
Uruguay,URU,Americas Region,2002,3363085,3.36 mil.,7727.002004,75.307,Middle Income,7,58189.734,73.26384375,1.0278876475137164,49,FALSE,FALSE
Mexico,MEX,Americas Region,2002,102479927,102.48 mil.,10742.44053,74.902,Middle Income,6,80463.0281,73.26384375,1.022359682022553,6,FALSE,FALSE
Panama,PAN,Americas Region,2002,2990875,2.99 mil.,7356.031934,74.712,Middle Income,6,54958.3858,73.26384375,1.019766315495834,54,FALSE,FALSE
Argentina,ARG,Americas Region,2002,38331121,38.33 mil.,8797.640716,74.34,Middle Income,9,65401.6611,73.26384375,1.014688776822469,12,FALSE,FALSE
Ecuador,ECU,Americas Region,2002,12921234,12.92 mil.,5773.044512,74.173,Middle Income,7,42820.4031,73.26384375,1.0124093441384585,29,FALSE,FALSE
Venezuela,VEN,Americas Region,2002,24287670,24.29 mil.,8605.047831,72.766,Middle Income,9,62615.491,73.26384375,0.993204782543231,21,FALSE,FALSE
Jamaica,JAM,Americas Region,2002,2664659,2.66 mil.,6994.774861,72.047,Middle Income,7,50395.2544,73.26384375,0.9833909376342268,57,FALSE,FALSE
Colombia,COL,Americas Region,2002,41008227,41.01 mil.,5755.259962,71.682,Middle Income,8,41254.8545,73.26384375,0.9784089440434252,10,FALSE,FALSE
Brazil,BRA,Americas Region,2002,179914212,179.91 mil.,8131.212843,71.006,Middle Income,6,57736.4899,73.26384375,0.9691820189273102,2,FALSE,FALSE
Dominican Republic,DOM,Americas Region,2002,8650322,8.65 mil.,4563.808154,70.847,Low Income,18,32333.2116,66.22871428571429,1.0697323776264502,5,FALSE,TRUE
Nicaragua,NIC,Americas Region,2002,5146848,5.15 mil.,2474.548819,70.836,Low Income,9,17528.714,66.22871428571429,1.0695662865265605,24,FALSE,FALSE
Paraguay,PAR,Americas Region,2002,5884491,5.88 mil.,3783.674243,70.755,Low Income,8,26771.3871,66.22871428571429,1.0683432520637357,19,FALSE,FALSE
El Salvador,ELS,Americas Region,2002,6353681,6.35 mil.,5351.568666,70.734,Middle Income,11,37853.7858,73.26384375,0.9654694100048496,39,FALSE,TRUE
Peru,PER,Americas Region,2002,26769436,26.77 mil.,5909.020073,69.906,Middle Income,4,41307.5957,73.26384375,0.9541677916673598,18,FALSE,FALSE
Guatemala,GUA,Americas Region,2002,11178650,11.18 mil.,4858.347495,68.978,Low Income,9,33511.9094,66.22871428571429,1.0415119898360874,2,FALSE,FALSE
Trinidad and Tobago,TRI,Americas Region,2002,1101832,1.1 mil.,11460.60023,68.976,Middle Income,19,79050.6361,73.26384375,0.9414739449839471,63,FALSE,FALSE
Honduras,HON,Americas Region,2002,6677328,6.68 mil.,3099.72866,68.565,Low Income,8,21253.2896,66.22871428571429,1.0352760239947714,16,FALSE,TRUE
Bolivia,BOL,Americas Region,2002,8445134,8.45 mil.,3413.26269,63.883,Low Income,7,21804.946,66.22871428571429,0.9645816122053231,8,FALSE,TRUE
Haiti,HAI,Americas Region,2002,7607651,7.61 mil.,1270.364932,58.137,Low Income,5,7385.5206,66.22871428571429,0.8778216612992638,11,FALSE,TRUE
Canada,CAN,Americas Region,2007,33390141,33.39 mil.,36319.23501,80.653,High Income,6,292925.5261,78.179375,1.0316403782967056,5,TRUE,FALSE
Costa Rica,COS,Americas Region,2007,4133884,4.13 mil.,9645.06142,78.782,Middle Income,10,75985.7229,73.26384375,1.0753189563576506,41,FALSE,FALSE
Puerto Rico,PUE,Americas Region,2007,3942491,3.94 mil.,19328.70901,78.746,Middle Income,11,152205.852,73.26384375,1.074827581647325,42,FALSE,FALSE
Chile,CHI,Americas Region,2007,16284741,16.28 mil.,13171.63885,78.553,Middle Income,5,103467.1747,73.26384375,1.0721932672280792,24,FALSE,FALSE
Cuba,CUB,Americas Region,2007,11416987,11.42 mil.,8948.102923,78.273,Middle Income,4,70039.486,73.26384375,1.0683714639255464,32,FALSE,FALSE
United States,UNI,Americas Region,2007,301139947,301.14 mil.,42951.65309,78.242,High Income,13,336062.3241,78.179375,1.000801042474438,1,TRUE,FALSE
Uruguay,URU,Americas Region,2007,3447496,3.45 mil.,10611.46299,76.384,Middle Income,7,81054.5989,73.26384375,1.0425879409309589,48,FALSE,FALSE
Mexico,MEX,Americas Region,2007,108700891,108.7 mil.,11977.57496,76.195,Middle Income,6,91263.1324,73.26384375,1.040008223701749,5,FALSE,FALSE
Panama,PAN,Americas Region,2007,3242173,3.24 mil.,9809.185636,75.537,Middle Income,6,74095.6455,73.26384375,1.031026985940797,51,FALSE,FALSE
Argentina,ARG,Americas Region,2007,40301927,40.3 mil.,12779.37964,75.32,Middle Income,9,96254.2874,73.26384375,1.0280650883813338,11,FALSE,FALSE
Ecuador,ECU,Americas Region,2007,13755680,13.76 mil.,6873.262326,74.994,Middle Income,7,51545.3435,73.26384375,1.0236154173933851,27,FALSE,FALSE
Venezuela,VEN,Americas Region,2007,26084662,26.08 mil.,11415.80569,73.747,Middle Income,9,84188.1422,73.26384375,1.0065947433996048,19,FALSE,FALSE
Nicaragua,NIC,Americas Region,2007,5675356,5.68 mil.,2749.320965,72.899,Low Income,9,20042.2749,66.22871428571429,1.100715917351343,21,FALSE,FALSE
Colombia,COL,Americas Region,2007,44227550,44.23 mil.,7006.580419,72.889,Middle Income,8,51070.264,73.26384375,0.9948836461368434,9,FALSE,FALSE
Jamaica,JAM,Americas Region,2007,2780132,2.78 mil.,7320.880262,72.567,Middle Income,7,53125.4318,73.26384375,0.9904885723389306,55,FALSE,FALSE
Brazil,BRA,Americas Region,2007,190010647,190.01 mil.,9065.800825,72.39,Middle Income,6,65627.3322,73.26384375,0.9880726466798296,1,FALSE,FALSE
Dominican Republic,DOM,Americas Region,2007,9319622,9.32 mil.,6025.374752,72.235,Middle Income,18,43524.2945,73.26384375,0.9859570055659275,37,FALSE,TRUE
El Salvador,ELS,Americas Region,2007,6939688,6.94 mil.,5728.353514,71.878,Middle Income,11,41174.2594,73.26384375,0.9810842063551981,38,FALSE,TRUE
Paraguay,PAR,Americas Region,2007,6667147,6.67 mil.,4172.838464,71.752,Low Income,8,29940.9505,66.22871428571429,1.083397145390109,17,FALSE,TRUE
Peru,PER,Americas Region,2007,28674757,28.67 mil.,7408.905561,71.421,Middle Income,4,52915.1444,73.26384375,0.9748464773935642,17,FALSE,FALSE
Guatemala,GUA,Americas Region,2007,12572928,12.57 mil.,5186.050003,70.259,Middle Income,9,36436.6687,73.26384375,0.9589859936880529,30,FALSE,FALSE
Honduras,HON,Americas Region,2007,7483763,7.48 mil.,3548.330846,70.198,Low Income,8,24908.5729,66.22871428571429,1.0599330027329534,12,FALSE,TRUE
Trinidad and Tobago,TRI,Americas Region,2007,1056608,1.06 mil.,18008.50924,69.819,Middle Income,19,125733.6107,73.26384375,0.9529803027840728,64,FALSE,FALSE
Bolivia,BOL,Americas Region,2007,9119152,9.12 mil.,3822.137084,65.554,Low Income,7,25055.6374,66.22871428571429,0.9898123601976699,4,FALSE,TRUE
Haiti,HAI,Americas Region,2007,8502814,8.5 mil.,1201.637154,60.916,Low Income,5,7319.8929,66.22871428571429,0.9197823128077808,6,FALSE,TRUE
Australia,AUS,Oceania Region,1992,17481977,17.48 mil.,23424.76683,77.56,High Income,9,181682.4915,79.26557142857143,0.978482821761925,4,TRUE,FALSE
New Zealand,NEW,Oceania Region,1992,3437674,3.44 mil.,18363.32494,76.33,Middle Income,11,140167.2593,76.33,1,1,FALSE,FALSE
Australia,AUS,Oceania Region,1997,18565243,18.57 mil.,26997.93657,78.83,High Income,9,212824.734,79.26557142857143,0.9945049102564795,3,TRUE,FALSE
New Zealand,NEW,Oceania Region,1997,3676187,3.68 mil.,21050.41377,77.55,High Income,11,163245.9588,79.26557142857143,0.9783566635848026,7,TRUE,FALSE
Australia,AUS,Oceania Region,2002,19546792,19.55 mil.,30687.75473,80.37,High Income,9,246637.4848,79.26557142857143,1.013933269533341,2,TRUE,FALSE
New Zealand,NEW,Oceania Region,2002,3908037,3.91 mil.,23189.80135,79.11,High Income,11,183454.5185,79.26557142857143,0.9980373392159089,6,TRUE,FALSE
Australia,AUS,Oceania Region,2007,20434176,20.43 mil.,34435.36744,81.235,High Income,9,279735.7074,79.26557142857143,1.024845951854435,1,TRUE,FALSE
New Zealand,NEW,Oceania Region,2007,4115771,4.12 mil.,25185.00911,80.204,High Income,11,201993.8471,79.26557142857143,1.0118390437931077,5,TRUE,FALSE
